,0,나이,성별
0,임한별,34,0
1,신용재 (2F),33,0
2,태연 (TAEYEON),34,1
3,마크툽 (MAKTUB),34,0
4,엠씨더맥스 (M.C the MAX),42,0
5,박효신,41,0
6,SG 워너비,38,0
7,가비엔제이,34,1
8,양다일,31,0
9,다비치,38,1
10,케이윌,41,0
11,노라조,48,0
12,송하예,29,1
13,먼데이 키즈 (Monday Kiz),38,0
14,이영현,41,1
15,DK(디셈버),37,0
16,Tablo,42,0
17,블락비 (Block B),32,0
18,BLACKPINK,26,1
19,"이홍기 (FT아일랜드), 유회승 (엔플라잉)",33,0
20,노을,39,0
21,길구봉구,40,0
22,이수 (엠씨더맥스),42,0
23,정승환,26,0
24,걸스데이,37,1
25,블랙펄,40,1
26,김범수,44,0
27,채동하,41,0
28,김돈규,50,0
29,엠투엠 (M To M),39,0
30,"김종국, SG 워너비",47,0
31,씨야,36,1
32,최유리,24,1
33,김용준,38,0
34,카라,34,1
35,진,30,0
36,"경서예지, 차가을",28,1
37,WSG워너비(4FIRE),33,1
38,WSG워너비 (가야G),33,1
39,이석훈,39,0
40,嵐 (ARASHI),39,0
41,김진호 (SG워너비),37,0
42,"SG 워너비, 브라운아이드걸스",37,0
43,MSG워너비(정상동기),33,0
44,MSG워너비(M.O.M),33,1
45,차지연,41,1
46,"SG 워너비, KCM",33,0
47,방탄소년단,30,0
48,아이유,30,1
49,조장혁,55,0
50,우효,27,1
51,"울랄라세션, 아이유",30,1
52,박신혜,33,1
53,스무살,36,1
54,성시경,44,0
55,정세운,26,0
56,용주 (YONGZOO),29,0
57,서영은,49,1
58,김광석,58,0
59,승희 (오마이걸),27,1
60,Evan Rachel Wood,35,1
61,tearliner,40,0
62,설리 (SULLI),25,1
63,"먼데이 키즈 (Monday Kiz), 펀치 (Punch)",38,0
64,윤하 (YOUNHA),35,1
65,제이,21,0
66,이보람 (씨야),36,1
67,별,39,1
68,에디킴,32,0
69,수지 (Suzy),28,1
70,"정세운, 식케이 (Sik-K)",29,0
71,NewJeans,15,1
72,가호 (Gaho),25,0
73,홍경민,47,0
74,IVE (아이브),18,1
75,"SG 워너비, 김종욱",33,0
76,간미연,41,1
77,민경훈,38,0
78,"임슬옹, 조이 (JOY)",36,0
79,조이 (JOY),26,1
80,박화요비,41,1
81,"성시경, 박효신, 이석훈, 서인국, VIXX (빅스)",44,0
82,오마이걸 (OH MY GIRL),28,1
83,브레이브걸스,33,1
84,멜로망스,31,0
85,임창정,49,0
86,임재범,60,0
87,비스트,32,0
88,버즈,38,0
89,조성모,46,0
90,에픽하이 (EPIK HIGH),42,0
91,강타 (KANGTA),43,0
92,앤디,42,0
93,플라워,47,0
94,밍꼬발랄 (박민정),29,1
95,투투,49,0
96,규현 (KYUHYUN),35,0
97,김현성,45,0
98,거북이,41,1
99,이수영,44,1
100,브라운아이드걸스,35,1
101,"테이, 간미연",40,0
102,임현정,49,1
103,"Mena Massoud, Naomi Scott",22,1
104,"아이유, 유승호",30,1
105,Westlife,40,0
106,코요태,30,0
107,Katy Perry,38,1
108,티아라,34,1
109,보아 (BoA),36,1
110,WSG워너비 (오아시소),33,1
111,임형주,37,0
112,한해,33,0
113,핑클 (Fin.K.L),40,1
114,"싹쓰리 (유두래곤, 린다G, 비룡)",40,0
115,TWICE (트와이스),20,1
116,"소유 (SOYOU), 오반",31,1
117,러블리즈,20,1
118,크루셜스타 (CRUCiAL STAR),33,0
119,다이나믹 듀오,43,0
120,마미손,38,0
121,DPR LIVE,30,0
122,여자친구 (GFRIEND),25,1
123,한요한,31,0
124,Sondia,31,1
125,빈첸,20,0
126,기리보이,32,0
127,"김하온 (HAON), 빈첸",20,0
128,키드밀리 (Kid Milli),29,0
129,지아,36,1
130,볼빨간사춘기,27,1
131,옥주현,43,1
132,Hash Swan,28,0
133,헤이즈 (Heize),31,1
134,킬라그램 (KILLAGRAMZ),31,0
135,CHEEZE (치즈),31,1
136,보이비,36,0
137,청하,27,1
138,"에릭남 (Eric Nam), CHEEZE (치즈)",34,0
139,EXID,31,1
140,모모랜드 (MOMOLAND),26,1
141,페노메코 (PENOMECO),30,0
142,"행주, 양홍원",36,0
143,Migos,28,0
144,박재범,36,0
145,DEAN,30,0
146,"키드밀리 (Kid Milli), Jvcki Wai, 스윙스",29,0
147,빈지노 (Beenzino),35,0
148,"민서 (MINSEO), 윤종신",27,1
149,어쿠스틱 콜라보,30,0
150,"스윙스, 기리보이, 그냥노창, C JAMM",36,0
151,Apink (에이핑크),29,1
152,마이티 마우스,41,0
153,지코 (ZICO),30,0
154,"릴보이 (lIlBOI), 로꼬, 박재범",32,0
155,"한동근, 최해든",30,0
156,마커스,32,0
157,소울스타 (SOULSTAR),40,0
158,ITZY (있지),19,1
159,Charlie Puth,31,0
160,백아연,30,1
161,WINNER,31,0
162,케이시 (Kassy),27,1
163,Red Velvet (레드벨벳),29,1
164,god,42,0
165,"로꼬, 펀치 (Punch)",33,0
166,산들,31,0
167,"이석훈, 로코베리",39,0
168,나윤권,39,0
169,장범준,34,0
170,샵,41,0
171,"서인국, 정은지",35,0
172,조정석,42,0
173,로제 (ROS?),26,1
174,더 네임,42,0
175,거미,42,1
176,브라운 아이즈,44,0
177,로이킴,30,0
178,브라운 아이드 소울,45,0
179,하동균,43,0
180,일 락,45,0
181,웬디 (WENDY),29,1
182,프리스타일,30,0
183,2:00 오전,-1,-1
184,이지훈,44,0
185,테이,40,0
186,김원준,50,0
187,김형중,50,0
188,팀,41,0
189,이기찬,44,0
190,오스카,49,0
191,봉구 (길구봉구),36,0
192,신혜성,43,0
193,벤,31,1
194,김연지,36,1
195,Dragonfly,40,0
196,허각,38,0
197,"아이유, 나윤권",30,1
198,초아,33,1
199,스탠딩 에그,30,0
200,김필,36,0
201,"Crush, 로꼬",31,0
202,V.One,44,0
203,"Apink BnN (보미,남주)",20,1
204,"신혜성, 임창정",43,0
205,김조한,50,0
206,Bro,35,0
207,린,41,1
208,바이브,43,0
209,이하이,26,1
210,에코,49,1
211,Dan + Shay,30,0
212,Imagine Dragons,30,0
213,MKTO,30,0
214,박응식,59,0
215,베이식 (Basick),36,0
216,박원,38,0
217,하현우 (국카스텐),41,0
218,폴킴,35,0
219,Calvin Harris,39,0
220,쿨 (COOL),40,0
221,나얼,44,0
222,코나,20,0
223,Little Mix,31,0
224,New Hope Club,20,0
225,이소라,53,1
226,BewhY (비와이),30,0
227,Sia,47,1
228,B1A4,31,0
229,"길구봉구, 하동균",40,0
230,"하동균, 이정(J.Lee)",40,0
231,뱅크,50,0
232,곽동현 (KWAK DONG HYUN),36,0
233,매드클라운,38,0
234,딥플로우,30,0
235,김경호,52,0
236,"볼빨간사춘기, 스무살",27,1
237,넉살,36,0
238,어노인팅,30,1
239,카더가든,32,0
240,이무진,22,0
241,김세정,26,1
242,"동물음악대(펭수, 록단장, 소울곰, 고막여우)",10,0
243,조용필,73,0
244,"펭수, Tiger JK, 비지 (Bizzy), 비비 (BIBI)",10,0
245,Ho?ng Th?y Linh,34,1
246,HONNE,30,0
247,Cosmic Boy,30,0
248,(여자)아이들,20,0
249,DAY6 (데이식스),27,0
250,"강민경 (다비치), 잔나비 최정훈",30,1
251,sokodomo,20,0
252,AKMU (악뮤),20,1
253,정재일,41,0
254,달의하루,33,0
255,매드몬스터 (MAD MONSTER),23,0
256,하이라이트 (Highlight),30,0
257,Justin Bieber,29,0
258,Abir,20,0
259,Vaundy,23,0
260,"토이, 윤하 (YOUNHA)",30,1
261,경제환,24,0
262,프라이머리,20,0
263,Mae Muller,25,1
264,JIDA (지다),31,0
265,"양요섭, 정은지",33,0
266,Jeff Bernat,33,0
267,10CM,40,0
268,Camila Cabello,26,1
269,Christopher,31,0
270,Jakubi,30,0
271,양요섭,33,0
272,긱스 (Geeks),32,0
273,Josef Salvat,34,0
274,In Real Life,20,1
275,소수빈,20,0
276,"창모 (CHANGMO), Hash Swan, ASH ISLAND, 김효은",29,0
277,Stevie Wonder,73,0
278,환불원정대,30,1
279,용준형,30,0
280,Dua Lipa,27,1
281,Daniel Caesar,28,0
282,패닉,40,0
283,Colde (콜드),29,0
284,Ruel,20,0
285,Everybody Loves an Outlaw,20,1
286,"Jesse Barrera, Johnny Stimson, Jeff Bernat",20,1
287,크르르,20,0
288,스텔라장 (Stella Jang),31,1
289,AJR,30,0
290,윤두준,30,0
291,Alexander Jean,30,0
292,"디핵 (D-Hack), PATEKO (파테코)",28,0
293,2:00 오후,-1,-1
294,창모 (CHANGMO),29,0
295,엔플라잉 (N.Flying),20,0
296,김종국,40,0
297,"로꼬, 화사 (Hwa Sa)",30,0
298,김하온 (HAON),20,0
299,안예은,20,1
300,"조유진 (체리필터), 박기영",40,1
301,SURAN (수란),30,1
302,양파,40,1
303,박지헌,40,0
304,빅마마,40,1
305,"김희철, 민경훈",30,0
306,INO,29,0
307,"심규선 (Lucia), 에피톤 프로젝트",37,1
308,던 (DAWN),30,0
309,Say Yes!,30,0
310,소녀시대 (GIRLS' GENERATION),30,1
311,V,44,0
312,Various Artists,30,0
313,"Coldplay, 방탄소년단",30,0
314,Johnny Stimson,34,0
315,I'll (아일),28,0
316,호피폴라,28,0
317,조승우,43,0
318,박군,37,0
319,김윤아,49,1
320,정기고,42,0
321,"Jawsh 685, Jason Derulo, 방탄소년단",30,0
322,MAX,31,0
323,이찬솔,34,0
324,Coldplay,40,0
325,김재환,27,0
326,NCT 127,20,0
327,NCT DREAM,20,0
328,너드커넥션 (Nerd Connection),30,0
329,홍대광,38,0
330,백현 (BAEKHYUN),31,0
331,The Carpenters,33,1
332,적재,34,0
333,예빛,23,1
334,세븐틴 (SEVENTEEN),20,0
335,신해철,46,0
336,Pink Sweat$,35,0
337,"Zion.T, Crush",34,0
338,유아 (오마이걸),20,1
339,김호중,31,0
340,에이프릴 (APRIL),20,1
341,Bruno Major,30,0
342,블루 (BLOO),28,0
343,IZ*ONE (아이즈원),20,1
344,EXO,30,0
345,백예린 (Yerin Baek),30,1
346,Jeremy Zucker,30,0
347,WOOZI (SEVENTEEN),26,0
348,권진아,26,1
349,크레파스,30,0
350,PL (피엘),30,0
351,T.P RETRO (타디스 프로젝트舊),28,0
352,109,-1,-1
353,잔나비,30,0
354,첸 (CHEN),30,0
355,베이빌론 (Babylon),35,0
356,DJ Khaled,25,0
357,Bruno Mars,37,0
358,pH-1,30,0
359,도겸 (SEVENTEEN),30,0
360,바닐라 어쿠스틱,30,1
361,어쿠루브,30,0
362,펀치 (Punch),30,1
363,김나영,30,1
364,새봄 (saevom),26,1
365,G.Urban (지어반),40,0
366,로시 (Rothy),20,1
367,SOLE (쏠),29,1
368,뉴이스트 W,27,0
369,ASTRO (아스트로),23,0
370,Vernon (SEVENTEEN),20,0
371,비투비,20,0
372,소각소각,30,1
373,Lukas Graham,34,0
374,Ed Sheeran,32,0
375,부석순 (SEVENTEEN),30,0
376,Maroon 5,44,0
377,양정승,48,0
378,나비 (Navi),37,1
379,릴보이 (lIlBOI),30,0
380,"미란이 (MIRANI), 먼치맨(MUNCHMAN), Khundi Panda, 머쉬베놈 (MUSHVENOM)",20,1
381,나플라 (nafla),30,0
382,윤토벤,20,0
383,윤건,20,0
384,황인욱,30,0
385,우디 (Woody),20,0
386,V.O.S,40,0
387,신예영,31,1
388,이우,31,0
389,이예준,30,1
390,장덕철,29,0
391,문문 (MoonMoon),35,0
392,김동률,40,0
393,포맨 (4MEN),43,0
394,문명진,46,0
395,Ne-Yo,43,0
396,김건모,55,0
397,럼블피쉬,40,1
398,트리탑스,40,0
399,"Calvin Harris, Rihanna",35,1
400,숀 (SHAUN),33,0
401,호미들,20,0
402,정동하,43,0
403,에피톤 프로젝트,39,1
404,박미경,57,1
405,Bon Jovi,61,0
406,이날치,40,0
407,M.N.J,30,0
408,"Jon Boden, Sam Sweeney, Ben Coleman",46,0
409,디.베이스,67,0
410,더 크로스,42,0
411,"Martin Garrix, Troye Sivan",28,0
412,Robert De Boron,30,0
413,듀스,40,0
414,V2,53,0
415,바비 킴,50,0
416,"Supreme Team, 영준",44,0
417,박정현,47,1
418,하우스룰즈 (House Rulez),30,0
419,"Brooklyn Bounce, Maurizio Gubellini",50,0
420,Kygo,20,0
421,"Craig David, Sigala",30,0
422,"Jonas Blue, JP Cooper",33,0
423,Martin Jensen,31,0
424,Savi,30,0
425,Conor Maynard,30,0
426,DJ Snake,37,0
427,Mike Perry,40,0
428,3OH!3,40,1
429,LMFAO,30,0
430,Supreme Team,40,0
431,Usher,44,0
432,MC몽,30,0
433,Daishi Dance,30,1
434,"저스디스 (JUSTHIS), R.Tee, 던말릭 (DON MALIK), 허성현 (Huh), KHAN, 맥대디 (Mckdaddy), 로스 (Los)",30,0
435,Crush,30,0
436,"저스디스 (JUSTHIS), 키드밀리 (Kid Milli), NO:EL, 양홍원",30,0
437,"그루비룸 (GroovyRoom), 저스디스 (JUSTHIS)",30,0
438,aespa,20,1
439,코드 쿤스트 (CODE KUNST),30,0
440,"YunB, 김승민, YUNHWAY, 도넛맨 (Donutman)",20,0
441,수퍼비 (SUPERBEE),20,0
442,"pH-1, 키드밀리 (Kid Milli), 루피 (Loopy)",20,0
443,젝스키스,40,0
444,E SENS,30,0
445,"Ja Mezz, Andup (앤덥), MINO (송민호)",20,0
446,혁오 (HYUKOH),20,0
447,피타입 (P-TYPE),30,0
448,블랙넛 (Black Nut),20,0
449,YENA (최예나),10,1
450,BIGBANG (빅뱅),20,0
451,"그루비룸 (GroovyRoom), 릴보이 (lIlBOI), 블라세 (BLAS?), 노윤하, Polodared, Chillin Homie, Fleeky Bang",20,0
452,원더걸스,30,1
453,"Trinidad Cardona, Davido, Aisha",24,1
454,"San E (산이), 매드클라운",20,0
455,체리필터 (cherryfilter),30,1
456,Oasis,40,0
457,f(x),30,1
458,현아,20,1
459,Lady Gaga,30,1
460,천상지희 더 그레이스 (The Grace),31,0
461,JAY-Z,53,0
462,SPYAIR,30,0
463,아웃사이더,30,0
464,트랜스픽션,30,0
465,버스커 버스커,20,0
466,2NE1,30,1
467,신화,30,0
468,Linked Horizon,30,0
469,이효리,40,1
470,엔알지 (NRG),40,0
471,H.O.T.,40,0
472,휘성 (Realslow),30,0
473,비,40,0
474,Avril Lavigne,38,1
475,자전거 탄 풍경,40,0
476,전진,30,0
477,MASYTA (마시따),30,0
478,UV,30,0
479,"유재환, 림킴 (김예림)",29,1
480,우원재,20,0
481,레게 강 같은 평화,43,0
482,드렁큰 타이거,40,0
483,싸이 (PSY),40,0
484,유산슬,40,0
485,AOA,30,1
486,서현 (SEOHYUN),30,1
487,All Time Low,30,0
488,정국,20,1
489,BE'O (비오),20,1
490,STAYC(스테이씨),20,0
491,"효린, 다솜",30,0
492,비비 (BIBI),20,0
493,iKON,20,1
494,"Shawn Mendes, Camila Cabello",20,0
495,"MSG워너비 TOP 8 (별루지, 김정수, 강창모, 정기석, 이동휘, 이상이, 박재정, 원슈타인)",30,0
496,"린, 레오(LEO)",40,1
497,SHINee (샤이니),30,1
498,"Slander, Dylan Matthew",30,0
499,LUCY,20,1
500,NCT U,20,1
501,황민현,20,1
502,NCT 2018,20,1
503,5 Seconds of Summer,20,0
504,Jack & Jack,30,0
505,Selena Gomez,30,1
506,Clean Bandit,30,0
507,Halsey,30,1
508,The Weeknd,33,0
509,"유산슬, 송가인",36,1
510,"Hugh Jackman, Zac Efron",54,0
511,"Idina Menzel, Evan Rachel Wood",52,1
512,박경,30,1
513,"Zac Efron, Zendaya",35,0
514,투모로우바이투게더,21,0
515,X1 (엑스원),10,0
516,갓츄 (GOT U),10,1
517,SF9,26,1
518,Shawn Mendes,20,1
519,"Charlie Puth, Wiz Khalifa",30,1
520,에일리(Ailee),30,0
521,황치열,30,1
522,국.슈 (국프의 핫이슈),40,1
523,"진호 (펜타곤), 로시 (Rothy)",20,1
524,VIXX (빅스),29,0
525,Wanna One (워너원),20,0
526,종현 (JONGHYUN),30,1
527,"키겐, 새벽공방",30,0
528,모노그램,24,0
529,"Lady Gaga, BLACKPINK",30,0
530,OneRepublic,30,0
531,아이언,30,0
532,그냥노창,31,0
533,LEGIT GOONS (리짓군즈),31,0
534,Skott,31,1
535,Don Mills,34,0
536,Adele,30,1
537,Jazzyfact,30,0
538,뱃사공,30,0
539,송지은,33,1
540,검정치마,40,0
541,Kelly Clarkson,30,1
542,Jenevieve,22,1
543,LE SSERAFIM (르세라핌),10,0
544,김태우,30,1
545,Lauv,20,1
546,선미,30,0
547,미연 ((여자)아이들),20,0
548,BIG Naughty (서동현),20,1
549,"스마일게이트알피지, 소향",30,0
550,The Chainsmokers,20,0
551,Harry Styles,29,0
552,OFFICIAL HIGE DANDISM,40,0
553,aimyon,20,1
554,Official Hige Dandism,20,0
555,휘인 (Whee In),30,0
556,프로미스나인,30,0
557,BMK,40,0
558,"Elton John, Dua Lipa",20,0
559,화사 (Hwa Sa),30,1
560,전소미,20,1
561,Weeekly (위클리),40,1
562,Seori,26,1
563,현아&던,20,1
564,Eminem,30,0
565,Doja Cat,27,1
566,박혜경,48,1
567,"The Weeknd, Ariana Grande",30,0
568,DPR IAN,32,0
569,G-DRAGON,30,1
570,ASH ISLAND,20,1
571,러브홀릭,30,1
572,Ariana Grande,30,1
573,"Ariana Grande, Justin Bieber",30,1
574,"화사 (Hwa Sa), WOOGIE",30,1
575,"트리플 H (현아, 펜타곤 (후이, 이던))",20,0
576,그리즐리 (Grizzly),31,1
577,TOIL,20,0
578,나훈아,60,1
579,"Jawsh 685, Jason Derulo",33,0
580,"먼데이 키즈 (Monday Kiz), 켄(KEN)",30,0
581,"benny blanco, Halsey, Khalid",20,0
582,닐로(Nilo),20,0
583,Ylvis,44,0
584,Cash Cash,71,0
585,소심한 오빠들,30,1
586,윤종신,30,0
587,#안녕,20,0
588,keshi,20,0
589,하현상,20,0
590,DAY6 (Even of Day),20,1
591,이상이,31,0
592,Why Don't We,24,0
593,윤딴딴,30,1
594,Steve Aoki,45,1
595,"방탄소년단, Zara Larsson",20,1
596,"방탄소년단, Charli XCX",20,1
597,마틴스미스,30,1
598,플라이 투 더 스카이,40,0
599,이승철,40,0
600,정재욱,47,0
601,유정석,30,0
602,제드,33,0
603,김상민,49,0
604,얀,30,0
605,KCM,40,0
606,김동명,39,0
607,샤니,50,1
608,Randy Newman,79,0
609,"JD McCrary, Billy Eichner, Seth Rogen, Donald Glover",10,0
610,"Billy Eichner, Seth Rogen, Donald Glover, Beyonce",44,0
611,"Idina Menzel, AURORA",27,1
612,박봄 (Park Bom),30,1
613,AB6IX (에이비식스),22,0
614,Taylor Swift,30,1
615,포스트맨 (POSTMEN),30,1
616,이적,40,0
617,Naomi Scott,30,1
618,"정인, 윤종신",42,1
619,Jonas Blue,33,1
620,김현식,32,0
621,HYNN (박혜원),20,1
622,정은지,20,1
623,Sting,70,0
624,마마무 (Mamamoo),30,1
625,야다 (Yada),40,0
626,박용하,33,0
627,Queen,40,0
628,강우진,46,0
629,이문세,50,0
630,태양,30,1
631,"효린, 주영 (Jooyoung)",30,0
632,신승훈,40,0
633,"DJ Gollum, Empyre One",30,0
634,Eagles,50,0
635,제이레빗(J Rabbit),30,1
636,이종현,33,0
637,인피니트,30,1
638,씨스타,30,0
639,하울,43,0
640,송이한,28,0
641,SE7EN,38,0
642,디셈버,30,0
643,SS501,36,1
644,SUPER JUNIOR (슈퍼주니어),30,1
645,동방신기 (TVXQ!),30,1
646,진민호,30,0
647,"Christina Aguilera, Lil' Kim, Mya, Pink",43,0
648,파란,30,1
649,서태지,40,1
650,전우성 (노을),40,1
651,네미시스,30,1
652,에이치코드 (H:CODE),20,0
653,Redfoo,40,0
654,터보,40,0
655,MC 스나이퍼,30,0
656,에메랄드 캐슬,40,0
657,서문탁,40,0
658,"매드클라운, 김나영",30,0
659,고유진 (플라워),40,1
660,임재현,30,0
661,정석,33,0
662,정동원,16,0
663,이안,42,0
664,B612,30,1
665,오왠 (O.WHEN),30,1
666,박기영,40,0
667,김길중,40,1
668,조수미,50,1
669,"먼데이 키즈 (Monday Kiz), 가비엔제이",30,0
670,"Diplo, French Montana, Lil Pump",44,0
671,"Robin Schulz, Lilly Wood, The Prick",30,0
672,금잔디,30,1
673,Billie Eilish,20,0
674,핑크퐁,10,1
675,Steelheart,30,0
676,TJR,30,1
677,"J. Balvin, Willy William",42,0
678,XXXTENTACION,20,0
679,Lil Pump,22,0
680,Kendrick Lamar,36,0
681,"주현미, 길구 (길구봉구)",30,0
682,"Marshmello, Anne-Marie",20,1
683,오르골 엔젤,10,1
684,Karina,23,1
685,제이세라,35,1
686,Bingo Players,20,0
687,Tez Cadey,30,1
688,"XXXTENTACION, MATT OX",20,0
689,현진영,52,0
690,김연자,64,1
691,"Mazza, Klaas",78,0
692,"JAY-Z, Kanye West",30,0
693,"찬열 (CHANYEOL), 펀치 (Punch)",30,1
694,T.O.P,30,1
695,GG (박명수 & G-Dragon),30,1
696,존박,30,1
697,대성,30,1
698,요조,42,1
699,Zion.T,30,0
700,브리즈,30,0
701,아이비,30,0
702,LANY,20,0
703,"하울, 제이",46,0
704,BOBBY,20,1
705,김영근,26,0
706,자우림,30,1
707,Yoshimata Ryo,63,0
708,Remedios,58,1
709,리쌍,30,0
710,애프터스쿨,30,0
711,"15& (박지민, 백예린)",20,0
712,Yorushika,20,0
713,윤미래,30,0
714,정준일,20,1
715,더 넛츠 (The NuTs),30,1
716,Whitney Houston,48,1
717,Inger Marie,66,1
718,범키,38,0
719,Hisaishi Joe,30,1
720,한동근,30,0
721,위수 (WISUE),30,1
722,Andre Gagnon,50,1
723,전상근,30,0
724,김보경 (NEON),33,0
725,브로콜리너마저,37,1
726,Mandy Moore,39,1
727,디어클라우드,39,0
728,박지윤,41,0
729,Damien Rice,49,0
730,Keira Knightley,38,0
731,나르샤 (Brown Eyed Girls),30,0
732,펀치넬로 (punchnello),30,1
733,Alan Walker,20,0
734,Will Smith,54,0
735,FTISLAND (FT아일랜드),30,0
736,Wanna One (워너원) - 더힐,20,1
737,Fitz & The Tantrums,52,1
738,어반자카파,30,1
739,국민의 아들,22,0
740,월하소년 (月下少年),60,0
741,슬레이트,30,1
742,Knock,20,1
743,It's,32,1
744,알렉스,43,0
745,San E (산이),30,0
746,"소유 (SOYOU), 유승우",30,1
747,"첸 (CHEN), 백현 (BAEKHYUN), 시우민 (XIUMIN)",30,1
748,박보람,30,0
749,이용신,48,1
750,"나윤권, 김민상",40,1
751,지선 (Loveholic),40,1
752,CNBLUE (씨엔블루),30,1
753,버나드 박,30,1
754,노리플라이 (no reply),20,0
755,박서준,30,1
756,"별, 나윤권",40,1
757,조pd (ZoPD),40,1
758,원타임,35,0
759,"김보경 (NEON), 펀치 (Punch)",30,0
760,릴러말즈 (Leellamarz),30,0
761,Sam Ryder,20,0
762,MINO (송민호),20,1
763,"The Kid LAROI, Justin Bieber",20,0
764,Adam Levine,20,1
765,철구,10,0
766,Tones And I,22,0
767,"식케이 (Sik-K), pH-1, 박재범, 김하온 (HAON)",20,0
768,루피 (Loopy),20,0
769,Bazzi,20,0
770,"윤종신, 지코 (ZICO)",20,0
771,효린,30,0
772,Chaboom,30,0
773,"(여자)아이들, Madison Beer, Jaira Burns, K/DA, League of Legends",20,1
774,"쿠기 (Coogie), 수퍼비 (SUPERBEE), D.Ark (디아크)",20,0
775,스웨덴세탁소,30,0
776,DJ Hero,30,1
777,안녕하신가영,35,1
778,"사이먼 도미닉, ONE, 지투 (G2), BewhY (비와이)",30,0
779,Tungevaag & Raaban,30,0
780,사이먼 도미닉,30,0
781,"BOBBY, 구준회, 김동혁(DK)",20,0
782,서인국,30,1
783,"MINO (송민호), 지코 (ZICO)",30,1
784,"이유 갓지(GOD G) 않은 이유 (박명수, 아이유)",30,1
785,"으뜨거따시 (하하, 자이언티)",30,0
786,"식케이 (Sik-K), 릴보이 (lIlBOI), 지구인",30,0
787,GD&TOP,30,1
788,"신지민, 아이언",30,1
789,Spankers,30,1
790,개코,30,1
791,울랄라세션,30,1
792,"소유 (SOYOU), 매드클라운",30,1
793,레이디스 코드,30,0
794,EXO-K,30,1
795,"소유 (SOYOU), 정기고",30,0
796,Idina Menzel,52,1
797,하우두유둘 (유재석 & 유희열),40,1
798,조덕배,63,0
799,강호동,50,0
800,"지나, 산체스 (Sanchez)",30,1
801,이정(J.Lee),40,0
802,버벌진트,30,0
803,"THAMA, Jayci yucca (제이씨 유카)",30,0
804,FIFTY FIFTY,20,1
805,Matsubara Miki,40,1
806,imase,22,0
807,Yuuri,29,1
808,그_냥,30,0
809,PATEKO (파테코),30,0
810,"TOIL, Gist",30,0
811,CAMO,25,1
812,Drake,36,0
813,Honeyworks,10,0
814,JNC,40,1
815,비비,20,0
816,유엔,40,1
817,장혜진,58,1
818,"남규리, 이홍기 (FT아일랜드)",30,1
819,백건우,77,0
820,세븐 데이즈,40,1
821,유성은,34,1
822,뉴이스트,30,1
823,"휘성 (Realslow), 거미",30,1
824,"남진, 장윤정",50,0
825,THERAY,38,0
826,Faith Evans,50,1
827,이승환,57,0
828,"마크툽 (MAKTUB), 구윤회",20,1
829,Blink,30,0
830,언니쓰,45,1
831,"Ariana Grande, John Legend",30,1
832,김연우,40,1
833,DIA (다이아),30,0
834,NMIXX,10,0
835,Richard Sanderson,70,0
836,TMC,40,1
837,나연 (TWICE),20,0
838,"릴러말즈 (Leellamarz), TOIL",20,1
839,Kid Wine,30,1
840,이승열,53,0
841,JAEHA (재하),29,0
842,오혁,30,0
843,써니사이드,30,1
844,"TOIL, Kid Wine",30,1
845,"경서예지, 전건호",20,0
846,백지영,40,1
847,Defqwop,30,1
848,한희정,44,1
849,Nakashima Mika,40,1
850,김민석 (멜로망스),30,1
851,에이트,30,0
852,정홍일,46,0
853,"K$AP RAMA, Poison Mushroom",20,0
854,신현희와김루트,30,0
855,KOONTA (쿤타),20,0
856,D.Ark (디아크),20,0
857,"첸 (CHEN), 펀치 (Punch)",30,1
858,"딘딘 (DINDIN), 민경훈",30,1
859,다운 (Dvwn),29,1
860,"릴보이 (lIlBOI), 원슈타인",30,1
861,"민경훈, 김희철",30,1
862,"정국, 방탄소년단",20,1
863,김민우,54,0
864,izi,30,0
865,R.ef,49,0
866,김정민,54,1
867,장나라,42,1
868,이은미,57,1
869,김희재,50,1
870,박지현,50,1
871,컬트,53,0
872,송민준,50,0
873,최재훈,50,0
874,김현정,47,1
875,이루,40,0
876,이재성,65,0
877,장미여관,40,0
878,패티김,85,1
879,박상민,59,0
880,노이즈,50,0
881,"유재석, EXO",50,0
882,XIA (준수),30,1
883,영탁,40,0
884,부끄뚱,41,0
885,도원경,52,1
886,더 블루,40,1
887,윤시내,71,1
888,최호섭,58,0
889,윤도현,51,0
890,김수희,70,1
891,이현우,57,0
892,한경일,43,0
893,YB (윤도현 밴드),57,1
894,왁스,51,1
895,K2 김성면,51,0
896,캔,50,1
897,데이먼스 이어 (Damons year),20,1
898,Avicii,20,1
899,나인뮤지스,30,1
900,Green Day,30,0
901,Morten Harket,63,1
902,이재훈 (쿨),50,1
903,"Sigala, Paloma Faith",30,1
904,소녀시대-태티서 (Girls' Generation-TTS),30,1
905,Jorja Smith & Preditah,26,1
906,Toploader,30,1
907,Post Malone,28,1
908,옹성우,27,1
909,빌리어코스티,40,0
910,offonoff (오프온오프),20,0
911,Sufjan Stevens,48,0
912,"김하온 (HAON), PULLIK (박준호)",20,0
913,그루비룸 (GroovyRoom),20,1
914,로꼬,20,0
915,제휘,20,0
916,이선희,50,1
917,WELOVE,40,1
918,Ava Max,29,1
919,"Marshmello, CHVRCHES",20,1
920,김수지,30,1
921,태일 (TAEIL),29,1
922,전효성,30,0
923,스윗소로우 (SWEET SORROW),30,0
924,BGH to,30,0
925,4minute,30,0
926,티맥스,43,0
927,Ann One,44,1
928,"임슬옹, Kei (케이)",30,1
929,명카드라이브,30,0
930,미도와 파라솔,30,1
931,전미도,40,1
932,"솔라 (마마무), 케이시 (Kassy)",30,0
933,마리탱,29,1
934,경서예지,20,1
935,"MC몽, 김재환",30,0
936,윤현상,30,1
937,"성시경, 아이유",30,0
938,"HIGH4 (하이포), 아이유",30,0
939,츄(Chuu),20,0
940,Young K (DAY6),20,1
941,WOODZ,26,1
942,ENHYPEN,21,1
943,Stray Kids (스트레이 키즈),20,1
944,원위 (ONEWE),20,1
945,태민 (TAEMIN),20,1
946,이달의 소녀,20,0
947,"Shawn Mendes, Justin Bieber",20,1
948,디핵 (D-Hack),20,0
949,몬스타엑스,30,1
950,"Alan Walker, Sabrina Carpenter, Farruko",30,1
951,"Alle Farben, Rhodes",38,0
952,Troye Sivan,20,0
953,온앤오프 (ONF),20,1
954,Loote,20,1
955,스카이,40,1
956,Mitch James,28,0
957,VICTON (빅톤),28,0
958,CIX (씨아이엑스),25,0
959,라붐 (LABOUM),30,0
960,유선호,21,1
961,"스윙스, BILL STAX (빌스택스), C JAMM",30,0
962,김동욱,47,1
963,넬 (NELL),30,1
964,강산에,50,1
965,키네틱 플로우,30,0
966,꽃별,50,1
967,"blackbear, FRND",30,1
968,김진표,40,1
969,아이오아이 (I.O.I),20,0
970,"윤종신, 성시경",30,1
971,이승기,30,1
972,인순이,50,0
973,"Jvcki Wai, 양홍원, Osshun Gum, 한요한",30,0
974,샤프,50,0
975,더 클래식,30,0
976,주걸륜,44,0
977,T-Pain,38,0
978,sogumm,29,1
979,오반,20,0
980,"염따, 딥플로우, 팔로알토 (Paloalto), The Quiett, 사이먼 도미닉",20,0
981,Lupe Fiasco,41,0
982,Kanye West,20,0
983,Kacey Musgraves,34,1
984,H.E.R.,26,1
985,"칸 (유나킴, 전민주)",28,1
986,제니 (JENNIE),20,1
987,"박재범, 사이먼 도미닉, 로꼬, GRAY (그레이)",20,1
988,"나플라 (nafla), 루피 (Loopy)",30,1
989,H1-KEY (하이키),20,1
990,Meghan Trainor,30,0
991,Dr. Dre,58,0
992,짙은,20,1
993,장기하,40,0
994,미쓰에이,30,0
995,손담비,30,0
996,"디셈버, 제이세라",30,0
997,Peder Elias,26,0
998,Hans Zimmer,65,0
999,송골매,50,0
1000,박진영,50,1
1001,"Calvin Harris, Dua Lipa",20,0
1002,Lizzo,35,1
1003,UMI,24,1
1004,Surf Mesa,23,0
1005,BENEE,23,1
1006,"Dua Lipa, 화사 (Hwa Sa)",23,1
1007,가을방학,30,1
1008,Tyga,33,0
1009,Beyonce,30,1
1010,임정희,42,1
1011,하림,47,0
1012,Michael Jackson,50,0
1013,몽구스,30,0
1014,마골피,37,1
1015,Luis Fonsi,45,0
1016,이상은 (=Lee-tzsche),53,1
1017,처진 달팽이 (유재석 & 이적),50,0
1018,영인스님,50,1
1019,B.o.B,34,0
1020,Glen Hansard & Marketa Irglova,50,1
1021,블락비 바스타즈,30,1
1022,유미,45,1
1023,John Legend,44,0
1024,4 Non Blondes,40,1
1025,선우정아,30,1
1026,John Mayer,45,0
1027,Eric Clapton,78,0
1028,조관우,57,0
1029,"다비치, 티아라",30,0
1030,부활,45,0
1031,Teresa Teng,50,0
1032,GOT the beat,20,0
1033,원슈타인,20,1
1034,"개코, 아우릴고트 (OUREALGOAT), SINCE, 안병웅, Tabber, 조광일",30,1
1035,"릴보이 (lIlBOI), 원슈타인, Chillin Homie, 스카이민혁 (Skyminhyuk)",30,0
1036,Khundi Panda,30,0
1037,"김태리, 남주혁, 보나(우주소녀), 최현욱, 이주명",30,0
1038,스윙스,30,0
1039,"앤씨아, HYNN (박혜원)",20,0
1040,형용돈죵 (정형돈 & G-DRAGON),30,1
1041,"전소란과 유재석 (유재석, 전소민, 소란)",40,1
1042,형돈이와 대준이,30,0
1043,"매드클라운, #Gun",30,0
1044,"매드클라운, 도넛맨 (Donutman), 보이비, #Gun",30,0
1045,GD X TAEYANG,30,1
1046,정엽,40,1
1047,"권순일 (어반자카파), 박용인 (어반자카파)",30,1
1048,임영웅,50,1
1049,"Homme (창민, 이현)",30,1
1050,"장혜진, 윤민수(바이브)",30,1
1051,마인드유,30,1
1052,"권진아, 샘김 (Sam Kim)",30,1
1053,샘김 (Sam Kim),30,1
1054,NO:EL,30,0
1055,프롬,37,1
1056,태일 (블락비),30,1
1057,모트 (Motte),27,1
1058,Keren Ann,49,1
1059,Mahalia,25,1
1060,Electric Light Orchestra,70,0
1061,약속,44,0
1062,Lil Nas X,20,0
1063,"Marshmello, Halsey",20,1
1064,Powfu,24,0
1065,Michael Carreon,20,1
1066,"챈슬러, 베이빌론 (Babylon), 트웰브 (twlv), 문수진 (Moon Sujin), 비비 (BIBI), 지셀 (Jiselle)",20,1
1067,Conan Gray,20,1
1068,070 Shake,26,1
1069,"Snoop Dogg, Wiz Khalifa",30,0
1070,Anson Seabra,29,0
1071,"Powfu, Sarcastic Sounds, Rxseboy",24,0
1072,C JAMM,30,0
1073,"티아라, 초신성",30,0
1074,뽀로로,10,1
1075,해파리소년 (Jelly boy),30,0
1076,소울라이츠,30,0
1077,Takeuchi Mariya,68,1
1078,015B,30,0
1079,조원선,51,1
1080,레인보우,30,0
1081,HUS (허밍어반스테레오),30,1
1082,박선주 (Pak Sun Zoo),52,1
1083,리치,37,0
1084,유승우,30,1
1085,주니퍼,47,0
1086,"MC 스나이퍼, Outsiders",30,0
1087,루그,40,1
1088,페이지,20,1
1089,오현란,49,1
1090,Y2K,45,0
1091,지누션,30,1
1092,S.E.S.,40,1
1093,전람회,40,1
1094,DJ DOC,30,0
1095,손진영,37,0
1096,안재욱,51,0
1097,안치환,57,0
1098,"토이, 김연우",40,1
1099,Mark Ronson,47,0
1100,서지원,40,1
1101,김민종,51,1
1102,Anne-Marie,20,0
1103,유재하,40,1
1104,Straight No Chaser,40,1
1105,Jason Mraz,30,1
1106,Niall Horan,29,1
1107,Luke Combs,33,0
1108,경서,20,0
1109,"San E (산이), 레이나 (Raina)",30,1
1110,베이비복스,41,1
1111,엄정화,40,0
1112,사비나앤드론즈,40,0
1113,Celine Dion,55,1
1114,원 모어 찬스 (one more chance),50,1
1115,"Luis Fonsi, Daddy Yankee",45,0
1116,차은우 (ASTRO),20,1
1117,Rex Orange County,25,0
1118,Natasha Bedingfield,41,1
1119,Calum Scott,34,0
1120,Carla Bruni,55,1
1121,소유 (SOYOU),30,0
1122,"소유 (SOYOU), 브라더수",30,0
1123,"슬기 (SEULGI), 신비 (SINB), 청하, 전소연",30,0
1124,"웬디 (WENDY), 슬기 (SEULGI)",30,0
1125,문성재,71,1
1126,"옆소 (문별, 슬기, 유아, 디애나, 소희, 수정, 소미)",20,1
1127,"황치열, 슬기 (SEULGI)",20,1
1128,슬기 (SEULGI),20,0
1129,"예성 (YESUNG), 슬기 (SEULGI)",20,0
1130,"효린, 창모 (CHANGMO)",20,0
1131,"4minute, 비스트, 지나, 비투비, 노지훈, 김기리, 신지훈, Apink (에이핑크), 허각",30,1
1132,"허각, 정은지",30,1
1133,"정은지, 서인국",30,1
1134,JUNIEL,30,0
1135,오렌지 캬라멜,30,0
1136,스페이스 에이,40,0
1137,변진섭,50,1
1138,유심초,50,1
1139,7공주,50,1
1140,마커스워십 (MARKERS WORSHIP),40,1
1141,박재정,20,0
1142,"이루, Daylight",40,1
1143,홍진영,30,0
1144,장민호,45,0
1145,"김종국, 황치열, UV, 로꼬, GRAY (그레이)",30,0
1146,김복유,45,1
1147,뷰티핸섬,20,1
1148,"유재환, 정형돈",30,0
1149,이준호,33,1
1150,"곽진언, 김필, 임도혁",30,0
1151,김윤진,49,1
1152,디에이드 (The Ade),35,0
1153,브라이언킴,40,1
1154,SZA,33,1
1155,10-FEET,30,0
1156,"백지영, 이홍기 (FT아일랜드)",30,1
1157,Lasse Lindh,49,0
1158,Sean Lennon,47,0
1159,John Lennon,40,1
1160,테이크 (TAKE),40,1
1161,Norah Jones,44,1
1162,윤상,55,0
1163,두번째달,50,0
1164,La La Land Cast,20,1
1165,"Hugh Jackman, The Greatest Showman Ensemble",30,0
1166,김지수,33,1
1167,박문치,20,1
1168,"기희현, 전소미, 최유정 (Weki Meki), 김청하",20,1
1169,"Ryan Gosling, Emma Stone",34,1
1170,에릭남 (Eric Nam),30,1
1171,라디 (Ra. D),43,0
1172,"박지헌, 강민경 (다비치)",30,0
1173,슈가,20,1
1174,가인,35,0
1175,"가인, 조형우",35,0
1176,Nishino Kana,34,0
1177,영준,44,0
1178,"수지 (Suzy), 백현 (BAEKHYUN)",30,1
1179,정철 (최정철),35,1
1180,알리 (ALi),40,1
1181,Vanilla Mood,20,0
1182,Nelly,30,0
1183,July,30,0
1184,Sakamoto Ryuichi,30,1
1185,2BIC(투빅),37,0
1186,이루마,30,0
1187,DJ Okawari,26,1
1188,애즈원,26,1
1189,디아,31,1
1190,심은경,30,1
1191,Auli'i Cravalho,22,1
1192,"세븐틴 (SEVENTEEN), 에일리(Ailee)",30,1
1193,siso(시소),30,1
1194,Mingginyu (밍기뉴),20,1
1195,"10CM, BIG Naughty (서동현)",20,1
1196,이해리 (다비치),30,1
1197,고다 (GODA),35,1
1198,소향,40,1
1199,RADWIMPS (래드윔프스),30,1
1200,21학번,20,1
1201,조유리,21,1
1202,주니토니,10,1
1203,WSG워너비,30,1
1204,조광일,20,0
1205,"Don Mills, Northfacegawd, sokodomo, Khakii (카키), 에이체스 (A-Chess)",20,0
1206,"T1, Raiden, 백현 (BAEKHYUN)",20,1
1207,화이트,50,1
1208,한스 밴드,50,1
1209,"Kristen Bell, Agatha Lee Monn, Katie Lopez",43,1
1210,Josh Gad,42,0
1211,이상순,40,0
1212,유두래곤,40,1
1213,Elektronomia,50,0
1214,"League of Legends, Alan Walker",20,0
1215,권은비,20,0
1216,"티아라, 더 씨야, F-ve Dolls, 스피드",30,0
1217,Savoy,45,0
1218,Zedd,20,0
1219,AJ Mitchell,22,0
1220,Yonezu Kenshi,32,0
1221,"Dan + Shay, Justin Bieber",30,1
1222,"New Hope Club, Danna Paola",30,1
1223,Sam Smith,30,1
1224,"Post Malone, Swae Lee",30,1
1225,"Zedd, Grey, Maren Morris",30,0
1226,토이,40,1
1227,Shane Filan,44,1
1228,The 1975,34,0
1229,Radiohead,40,0
1230,Sunshine State,50,0
1231,Owl City,37,0
1232,U2,63,0
1233,솔리드,50,0
1234,Justin Timberlake,42,0
1235,Chris Brown,34,0
1236,Jay Sean,42,0
1237,Daft Punk,30,0
1238,IGNITO (이그니토),20,0
1239,"로꼬, GRAY (그레이)",20,0
1240,정키,20,1
1241,"로꼬, 유성은",20,0
1242,"Ziv Zaifman, Hugh Jackman, Michelle Williams",20,0
1243,"정성화, 조재윤, 배정남, 이현우",50,0
1244,잠비노 (Jambino),24,0
1245,허성현 (Huh),20,1
1246,노윤하,20,0
1247,SURL (설),20,0
1248,제이어스,40,1
1249,김성철,30,1
1250,이시안(아기싱어),10,1
1251,Mariah Carey,30,1
1252,VERIVERY,20,1
1253,DKZ,20,1
1254,"김청하, 헤일로 (HALO)",20,1
1255,"허정은, 황지아, 김청하, 오운 (OOON)",20,1
1256,"휘성 (Realslow), 태일 (블락비), 청하",20,1
1257,마크 (MARK),20,1
1258,구름,20,1
1259,이영지,20,1
1260,웨터 (wetter),20,1
1261,Emotional Oranges,20,1
1262,1415,-1,-1
1263,Nagata Shigeru,30,1
1264,더보이즈 (THE BOYZ),20,1
1265,"MAX, Felly",30,1
1266,blackbear,30,0
1267,Arizona Zervas,28,0
1268,Mocca,40,1
1269,John K,30,1
1270,퓨처라이거,45,0
1271,"서은광 (비투비), 임현식 (비투비), 육성재 (비투비)",20,1
1272,무한도전,30,0
1273,마야,45,0
1274,방준석,50,0
1275,달빛마을,50,0
1276,봄여름가을겨울,50,0
1277,곽진언,40,0
1278,"윤종신, 정준일",30,0
1279,허윤진,21,0
1280,Nirvana,40,0
1281,9와 숫자들,30,0
1282,로맨틱펀치 (Romantic Punch),40,0
1283,Muse,40,0
1284,"코드 쿤스트 (CODE KUNST), 잔나비 최정훈, 사이먼 도미닉",30,0
1285,소란 (SORAN),30,0
1286,새소년,31,1
1287,이준형,30,1
1288,ADOY,30,1
1289,O.O.O (오오오),30,1
1290,이민혁,30,1
1291,Elton John,76,0
1292,"Lady Gaga, Bradley Cooper",30,0
1293,Ryokuousyoku Syakai,28,1
1294,강성호,40,0
1295,"캡틴플래닛, 이석훈",40,0
1296,모이다밴드,40,1
1297,"Hoody (후디), Bronze (브론즈)",33,1
1298,The Beatles,40,1
1299,하하,30,0
1300,GRAY (그레이),20,0
1301,유희열,50,0
1302,gnash,30,0
1303,커피소년,42,0
1304,Metallica,40,0
1305,Nami (나미),40,1
1306,Peach Pit,30,0
1307,최성,50,1
1308,"So!YoON! (황소윤), Phum Viphurit",26,1
1309,뎁트,32,1
1310,Peach Tree Rascals,40,0
1311,Wallows,30,0
1312,김승민,27,1
1313,Loren Allred,33,1
1314,김농밀,20,0
1315,B.I,30,0
1316,강수지,56,1
1317,"015B, 오왠 (O.WHEN)",30,0
1318,GAYLE,20,1
1319,Puff Daddy,53,0
1320,Kiana Lede,26,1
1321,한예슬,41,1
1322,Karen Souza,39,1
1323,김윤희,50,1
1324,전초아,43,1
1325,George Mann,50,1
1326,황광희 X 개코,30,1
1327,심규선 (Lucia),37,1
1328,Us The Duo,40,1
1329,헤일,20,0
1330,장기하와 얼굴들,40,0
1331,이수현,20,1
1332,Tai Verdes,27,0
1333,Sampa The Great,29,1
1334,"Lauv, Troye Sivan",30,1
1335,이진아,30,0
1336,"양다일, 도겸 (SEVENTEEN)",30,1
1337,펜타곤,20,1
1338,우주소녀,20,0
1339,칸토,29,1
1340,David Guetta,55,1
1341,Pinkrush,20,0
1342,하연수,30,0
1343,델리스파이스,30,0
1344,"Meryl Streep, Julie Walters, Christine Baranski",74,1
1345,정성화,48,0
1346,제시 (Jessi),30,1
1347,"Yultron, 박재범",30,1
1348,Kid Ink,37,0
1349,Jessie J,30,1
1350,Raiden,36,0
1351,"G-Eazy, Kehlani",34,0
1352,"Marshmello, Bastille",30,0
1353,"Tory Lanez, Quavo, Tyga",30,0
1354,"Lil Tecca, Juice WRLD",20,0
1355,ZAYN,30,1
1356,Lil Dicky,20,0
1357,Rita Ora,32,1
1358,PRETTYMUCH (프리티머치),20,1
1359,FKJ,33,0
1360,"MAX, Joey Bada$$",31,0
1361,Ella Mai,28,1
1362,Tinashe,30,1
1363,Khalid,25,0
1364,A$AP Rocky,34,0
1365,RUSUK,28,0
1366,Gist,20,1
1367,못 (Mot),40,1
1368,딘딘 (DINDIN),30,1
1369,한로로,30,0
1370,쏜애플 (THORNAPPLE),30,1
1371,식케이 (Sik-K),30,0
1372,이승훈,31,0
1373,이강승,30,0
1374,허회경,30,0
1375,백아,28,0
1376,meenoi (미노이),20,0
1377,클래지콰이,40,1
1378,Suda Masaki,30,1
1379,린다G,44,1
1380,So!YoON! (황소윤),30,1
1381,Adios Audio,40,1
1382,장석훈,40,1
1383,PUBLIC,50,1
1384,Fun.,20,0
1385,Jeremih,36,0
1386,Mura Masa,27,0
1387,One Direction,30,1
1388,"Aanysa, Snakehips",30,1
1389,송재호,60,1
1390,Tom Misch,28,0
1391,Bastille,37,0
1392,Balming Tiger,30,0
1393,Nujabes,30,0
1394,"Earth, Wind & Fire",30,0
1395,OuiOui (위위),20,1
1396,김완선,50,1
1397,EXO-CBX (첸백시),20,1
1398,플랏나인,20,1
1399,행주,20,0
1400,PRISTIN (프리스틴),20,0
1401,Dominic Fike,27,0
1402,Frank Ocean,35,0
1403,"서액터, 뎁트",50,1
1404,염따,20,0
1405,Zach Oliver,20,1
1406,The Walters,50,0
1407,Rihanna,30,0
1408,ZENE THE ZILLA,20,0
1409,Lorde,26,1
1410,"Kygo, Imagine Dragons",20,0
1411,"Avicii, Sandro Cavazza",20,0
1412,죠지,29,1
1413,Labrinth,34,0
1414,Fifth Harmony,40,1
1415,"Chris Brown, Young Thug",20,0
1416,"사이먼 도미닉, GRAY (그레이), ONE",20,0
1417,"Alan Walker, K-391, Emelie Hollow",20,0
1418,Alec Benjamin,29,0
1419,SuperM,30,1
1420,예성 (YESUNG),30,1
1421,"천우희, 안재홍",30,1
1422,육성재 (비투비),20,1
1423,이창섭,20,1
1424,비투비-블루,20,1
1425,PRODUCE X 101,20,1
1426,SIXC (6 crazy),30,1
1427,"NCT DREAM, HRVY",20,1
1428,"로코베리, 도영 (DOYOUNG)",40,0
1429,지수 (JISOO),20,0
1430,주시크 (Joosiq),20,0
1431,Amanda Seyfried,30,1
1432,Bebe Rexha,33,1
1433,Lily James,34,1
1434,"Aaron Tveit, Eddie Redmayne, Students, Les Miserables Cast",39,1
1435,전건호,20,0
1436,"2F (신용재, 김원주)",20,0
1437,"장혜진, 한동근",30,0
1438,안젤로,50,1
1439,"매드클라운, 브라더수",30,0
1440,"김현철, 이소라",50,0
1441,The Quiett,30,0
1442,"창모 (CHANGMO), ASH ISLAND, 정기고",20,0
1443,NF,32,0
1444,차가을,20,0
1445,Brandi Carlile,42,1
1446,쿠기 (Coogie),30,0
1447,"지코 (ZICO), 소진 (Sojin)",21,0
1448,유해준,50,1
1449,길미,38,1
1450,"스윙스, BILL STAX (빌스택스), 그냥노창, C JAMM",30,0
1451,유주 (YUJU),30,0
1452,미란이 (MIRANI),20,0
1453,"펀치넬로 (punchnello), 짱유 (JJANGYOU), ZENE THE ZILLA, 맥대디 (Mckdaddy)",20,0
1454,"Hash Swan, ASH ISLAND, 김효은, 창모 (CHANGMO)",20,0
1455,하진 (HAJIN),35,0
1456,피아노맨,20,0
1457,양홍원,11,0
1458,스트레이 (The Stray),20,0
1459,반하나,28,0
1460,환희,40,1
1461,"C JAMM, BewhY (비와이)",30,0
1462,#Gun,44,0
1463,한기란,30,0
1464,정진우,37,0
1465,박명수,30,0
1466,황문섭,33,0
1467,유채영,42,1
1468,Takahashi Yoko,56,1
1469,김예니,20,0
1470,박세아,30,0
1471,"Jessie J, Ariana Grande, Nicki Minaj",30,0
1472,Pharrell Williams,50,0
1473,이혁준,60,0
1474,40,20,1
1475,디어 (d.ear),30,1
1476,"기리보이, NO:EL, 블랙넛 (Black Nut), 양홍원, Osshun Gum, YUNHWAY, 저스디스 (JUSTHIS), Jvcki Wai, 키드밀리 (Kid Milli), 한요한, 스윙스",20,1
1477,"Lil tachi, 호치키스 (HOTCHKISS)",20,0
1478,ILLIONAIRE RECORDS,20,0
1479,"기리보이, 키드밀리 (Kid Milli), NO:EL, 스윙스",20,0
1480,개리,30,0
1481,Wanna One (워너원) - 트리플포지션,20,1
1482,League of Legends,20,0
1483,Ja Mezz,20,0
1484,Sasaki Isao,81,1
1485,Junoflo (주노플로),40,0
1486,"블랙넛 (Black Nut), 버벌진트, San E (산이)",30,0
1487,"블랙넛 (Black Nut), 마이크로닷 (Microdot), 베이식 (Basick)",30,0
1488,Dok2,30,0
1489,Flo Rida,43,0
1490,치타 (CHEETAH),30,1
1491,"키썸 (Kisum), San E (산이), 태완 (Taewan)",30,1
1492,지민,30,0
1493,주주 시크릿,10,1
1494,RM,20,1
1495,Billlie (빌리),23,1
1496,소녀시대-Oh!GG,30,1
1497,토요태,40,1
1498,솔지,30,0
1499,Phao,20,1
1500,드림캐쳐,20,1
1501,"댄싱게놈 (유재석, JYP)",40,1
1502,CLC,26,1
1503,"먼데이 키즈 (Monday Kiz), 김보경 (NEON)",30,0
1504,"Marshmello, Jonas Brothers",30,1
1505,염평안,60,1
1506,Matt Redman,60,1
1507,Hillsong London,60,1
1508,"스캇브래너, 레위지파",60,1
1509,AURORA,27,1
1510,"ZAYN, Sia",30,1
1511,Fall Out Boy,30,0
1512,Utada Hikaru,40,1
1513,Haruna Luna,31,1
1514,Jvcki Wai,27,0
1515,크레용팝,30,0
1516,Unknown Brain,30,0
1517,"재넌, 작비",10,0
1518,Bag Raiders,20,0
1519,Boys Like Girls,30,0
1520,피에스타,20,0
1521,헬로비너스,30,0
1522,Tobu,30,0
1523,"LINKIN PARK, Kiiara",30,0
1524,Vanessa Carlton,42,1
1525,새벽공방,30,1
1526,비프리 (B-Free),30,0
1527,배치기,30,0
1528,Sum 41,30,0
1529,"임영웅, 영탁, 이찬원, 김호중, 정동원, 장민호, 김희재",60,1
1530,이찬원,60,1
1531,Claude Debussy,60,1
1532,"임태경, 옥주현",60,0
1533,"로이킴, 정준영",30,0
1534,Rhapsody,50,0
1535,"폴킴, 청하",20,0
1536,"양다일, 정키",20,1
1537,"The Chainsmokers, Coldplay",20,0
1538,"로꼬, 유주 (YUJU)",30,0
1539,Backstreet Boys,48,1
1540,김종민,30,0
1541,"헤이즈 (Heize), 펀치 (Punch)",30,0
1542,"B.I, Destiny Rogers, Tyla Yaweh",26,0
1543,ID (BE IDENTITY),10,0
1544,PRODUCE 101,20,0
1545,MOBB (MINO & BOBBY),42,0
1546,"신지민, 임슬옹",36,1
1547,"허각, 지아",30,1
1548,Carly Rae Jepsen,37,1
1549,자자 (ZAZA),40,0
1550,Glass Animals,20,1
1551,Tiesto,54,0
1552,"John Legend, 웬디 (WENDY)",50,1
1553,Tobias Jesso Jr.,38,0
1554,"서현진, 유승우",26,1
1555,"HAKI (하키), ultimadrap (울티마 디랩)",30,0
1556,"HUS (허밍어반스테레오), Risso (리소)",60,1
1557,Jae,30,1
1558,슈가볼 (Sugarbowl),30,1
1559,뉴욕러브다이어리,30,1
1560,"라디 (Ra. D), 디어 (d.ear), 브라더수, 주영 (Jooyoung)",43,0
1561,9초,40,1
1562,정형돈,30,0
1563,LINKIN PARK,60,1
1564,Lee Michelle (이미쉘),31,1
1565,키 (KEY),30,1
1566,알레프 (ALEPH),30,1
1567,유리(YURI),33,0
1568,국카스텐,30,0
1569,"태연 (TAEYEON), The One (더원)",30,0
1570,아이비아이 (I.B.I),27,1
1571,MXM,20,1
1572,핫샷 (HOTSHOT),20,1
1573,임현식 (비투비),20,1
1574,더 이스트라이트 (TheEastLight.),20,1
1575,아이돌학교,20,1
1576,"에릭남 (Eric Nam), 전소미",20,1
1577,하하 X MINO,20,1
1578,S.M. THE BALLAD,30,1
1579,딕펑스 (DICKPUNKS),35,1
1580,윤민수(바이브),40,0
1581,조현아 (어반자카파),30,0
1582,영턱스클럽,50,1
1583,"배치기, 신보라",30,1
1584,Maria Mena,37,1
1585,"신혜성, 린",40,0
1586,A&T,30,0
1587,Steve Barakatt,50,0
1588,"정우, 유연석, 손호준",39,1
1589,Acoustic Cafe,40,1
1590,녹색지대,54,1
1591,"Lionel Richie, Diana Ross",60,0
1592,"Maksim, Niksa Bratos, Remi Kazinoti, Craig Pruess, Orchestra",60,0
1593,"김용준, 김성규",20,1
1594,송가인,60,1
1595,혜은이,68,1
1596,"윤민수(바이브), 송가인, 치타 (CHEETAH)",40,0
1597,Dire Straits,30,0
1598,Twisted Sister,40,0
1599,Red Hot Chili Peppers,40,0
1600,정상수,20,0
1601,The Ting Tings,44,0
1602,The La's,40,0
1603,The Cranberries,30,0
1604,Odesza,30,0
1605,"Daft Punk, Pharrell Williams, Nile Rodgers",49,0
1606,오케이션 (Okasian),36,1
1607,키디비 (KittiB),20,1
1608,예지,20,0
1609,"황태지 (황광희, 태양, 지드래곤)",30,1
1610,"The Quiett, 사이먼 도미닉, 넉살, 박재범, 로꼬, pH-1, 창모 (CHANGMO), 염따, Way Ched (웨이체드), WOOGIE",20,0
1611,"넬 (NELL), 그루비룸 (GroovyRoom)",30,1
1612,831 (八三夭),30,0
1613,시우민 (XIUMIN),30,1
1614,찬열 (CHANYEOL),30,1
1615,Hebe Tien,40,1
1616,"백현 (BAEKHYUN), 로꼬",30,1
1617,"장재인, 수호 (SUHO)",30,0
1618,이상우,59,0
1619,양준일,59,1
1620,승리,30,1
1621,"Yogi, Skrillex",35,0
1622,Robin Schulz,36,0
1623,"버벌진트, 산체스 (Sanchez)",30,0
1624,Tiger JK,30,0
1625,Jason Derulo,33,0
1626,샤넌,25,1
1627,장재인,30,0
1628,"개코, 얀키 (YANKIE)",30,0
1629,Badkiz,28,0
1630,Christina Perri,36,1
1631,MASTA WU,44,0
1632,Travis Scott,32,0
1633,"Pink Sweat$, Crush",20,0
1634,"보아 (BoA), 빈지노 (Beenzino)",30,1
1635,Erik Satie,60,1
1636,핫펠트 (HA:TFELT),34,1
1637,CL,30,0
1638,Rixton,30,0
1639,"마마무 (Mamamoo), 범키",30,1
1640,Amy Winehouse,27,0
1641,Corinne Bailey Rae,44,1
1642,James Morrison,38,0
1643,"토이, 이지형",40,0
1644,"Rohann (이로한), 김농밀",20,0
1645,"아넌딜라이트(Anandelight), unofficialboyy, BE'O (비오), 지구인, Mudd the student",20,0
1646,"소유 (SOYOU), IZ*ONE (아이즈원)",30,0
1647,"김나영, 양다일",30,0
1648,문빈&산하(ASTRO),30,1
1649,하성운,29,1
1650,"지수연 (Weki Meki), 문빈 (ASTRO)",20,1
1651,"윤종신, 하림, 조정치, 에디킴",30,1
1652,신지훈,25,1
1653,주호,34,0
1654,유주,25,0
1655,"마이티 마우스, 백지영",30,0
1656,비룡,40,1
1657,머쉬베놈 (MUSHVENOM),29,0
1658,제아,30,1
1659,정인,30,1
1660,ATEEZ (에이티즈),20,1
1661,원필 (DAY6),29,1
1662,이승윤,33,1
1663,한수지,20,1
1664,TheFatRat,44,0
1665,옥상달빛,20,1
1666,마로니에,30,1
1667,"박우진 (AB6IX), A Boogie Wit Da Hoodie",20,1
1668,하은 (포맨),30,1
1669,"박우진 (AB6IX), 이대휘 (AB6IX)",20,1
1670,"Charlie Puth, 정국, 방탄소년단",20,1
1671,"먼데이 키즈 (Monday Kiz), 지아",30,0
1672,"Bebe Rexha, Florida Georgia Line",33,1
1673,Ashes Remain,30,0
1674,"사야 (SAya), 재연(SWAY)",30,1
1675,Joakim Lundell,37,0
1676,Kisma,40,0
1677,"MC몽, 허각",30,0
1678,NS 윤지,34,1
1679,"펀치 (Punch), GLABINGO (글라빙고)",30,1
1680,유나킴,28,1
1681,Gheorghe Zamfir,50,0
1682,Sing Street,30,0
1683,ABBA,50,1
1684,BJ엣지,30,0
1685,오왼 (Owen),30,0
1686,정준영,30,1
1687,려욱 (RYEOWOOK),30,1
1688,"기리보이, 블랙넛 (Black Nut), 그냥노창, 한요한, 스윙스",20,0
1689,"소유 (SOYOU), 성시경",30,0
1690,"넉살, 한해, RYNO (라이노), 조우찬",30,0
1691,타샤니,40,1
1692,쥬얼리,30,1
1693,X-Japan,40,0
1694,"Mandy Moore, Zachary Levi",39,1
1695,박완규,40,0
1696,크라잉넛 (CRYING NUT),30,0
1697,"아이유, 김연아",30,1
1698,The Volunteers (더 발룬티어스),20,1
1699,21 Savage,30,0
1700,김원중,40,1
1701,유재석,40,0
1702,이현,39,0
1703,"Anne-Marie, 민니 ((여자)아이들), (여자)아이들",32,1
1704,전소연,20,1
1705,"Fast & Furious: The Fast Saga, 지민",20,1
1706,X Ambassadors,40,0
1707,"원우, 민규 (세븐틴)",27,1
1708,"SG 워너비, V.O.S",30,0
1709,Galantis,20,0
1710,Major Lazer,30,0
1711,"방탄소년단, Juice WRLD",20,1
1712,Lemaitre,40,0
1713,조항조,63,0
1714,버블 시스터즈,40,1
1715,진성,60,0
1716,몰리,40,1
1717,"임세준, 벤",20,1
1718,구피,40,1
1719,김세영,50,0
1720,강승윤,20,1
1721,일기예보,40,0
1722,파파야,40,1
1723,"윤건, 임현식 (비투비)",20,0
1724,Pink,43,1
1725,비투비 포유,20,1
1726,"서은광 (비투비), 이창섭, 임현식 (비투비), 육성재 (비투비)",20,1
1727,"식케이 (Sik-K), pH-1, 박재범, 그루비룸 (GroovyRoom)",30,1
1728,허성정,20,1
1729,Finding Hope,30,0
1730,JP Saxe,30,1
1731,"T.P RETRO (타디스 프로젝트舊), 학선",20,0
1732,"Ja Mezz, YNL, Woodie Gochild, Junoflo (주노플로)",30,0
1733,반광옥,35,0
1734,몽니,20,0
1735,멜로 브리즈,40,0
1736,"Alesso, Stray Kids (스트레이 키즈), CORSAK",20,1
1737,유노윤호 (U-KNOW),30,1
1738,공민지,30,1
1739,최현준 (V.O.S),30,0
1740,"먼데이 키즈 (Monday Kiz), #안녕",30,0
1741,"먼데이 키즈 (Monday Kiz), 이예준",30,0
1742,엠블랙,30,1
1743,로켓펀치(Rocket Punch),20,0
1744,진원,30,1
1745,M.I.B,20,0
1746,이진성 (먼데이 키즈),30,1
1747,"견우 (Kyunwoo), 먼데이 키즈 (Monday Kiz)",20,1
1748,박명수 X 딘딘,30,0
1749,용감한 녀석들,40,0
1750,방예담,21,0
1751,이민호,30,1
1752,Daughtry,43,0
1753,Why,30,0
1754,안녕바다,30,0
1755,이브,30,0
1756,"PATEKO (파테코), Jayci yucca (제이씨 유카), Kid Wine",29,0
1757,Ardhito Pramono,28,0
1758,Hanonn,20,1
1759,히키 (Hickee),20,1
1760,임세준,27,1
1761,Moony,42,1
1762,레드애플,30,0
1763,태원 (Tae.1),40,0
1764,최진혁,20,1
1765,보보,46,1
1766,"Bruno Mars, Anderson .Paak, Silk Sonic",30,0
1767,리사,20,1
1768,Etham,20,1
1769,"이승철, 태연 (TAEYEON)",40,0
1770,김현철,54,0
1771,JYJ,30,1
1772,서태지와 아이들,40,0
1773,James Ingram,40,0
1774,김성재,40,0
1775,"S (강타, 신혜성, 이지훈)",40,1
1776,바닷길 (길 & 바다),30,1
1777,"남혜승, 박상희",30,1
1778,일레인,28,1
1779,"Keala Settle, The Greatest Showman Ensemble",47,1
1780,이윤지,39,1
1781,김민승,50,0
1782,23,20,1
1783,James Horner,50,0
1784,후샤,33,0
1785,공기남녀,30,0
1786,탑현,20,0
1787,레인보우 노트 (Rainbow note),30,0
1788,GOT7 (갓세븐),20,1
1789,LiSA,30,1
1790,"볼빨간사춘기, 바닐라 어쿠스틱, 스웨덴세탁소, 스무살, 레터 플로우, 김지수, WH3N (웬), 보라미유, 최유리",30,1
1791,"볼빨간사춘기, WH3N (웬)",20,1
1792,"바닐라 어쿠스틱, 스웨덴세탁소, 김사랑, 김지수, 스무살, 레터 플로우, 볼빨간사춘기",30,1
1793,소녀온탑,20,0
1794,"택연, 장우영, 수지 (Suzy), 김수현, JOO",30,0
1795,Connie Talbot,22,1
1796,김유경,30,1
1797,Kenny G,67,0
1798,사무엘,20,0
1799,이박사,50,0
1800,공기남,30,0
1801,팔로알토 (Paloalto),39,0
1802,Virginia To Vegas,33,0
1803,그리 (GREE),20,0
1804,TraxX (트랙스),30,0
1805,"윤종신, 이적",30,0
1806,"윤종신, 정인",30,0
1807,브로맨스 (VROMANCE),20,1
1808,MJ (써니사이드),20,1
1809,OLNL (오르내림),20,1
1810,"Dbo (디보), 기리보이, 블랙넛 (Black Nut), 스윙스",30,0
1811,Rb Free Code Combination,20,0
1812,"MAN1AC, 블랙나인 (BLACK NINE), 에이솔, 우원재",20,0
1813,"그냥노창, 정기고, BILL STAX (빌스택스), 몬스타엑스",30,0
1814,BILL STAX (빌스택스),40,0
1815,"Jimmy Paige, 기리보이, 블랙넛 (Black Nut), BILL STAX (빌스택스), C JAMM, 그냥노창, 스윙스",20,0
1816,"Jimmy Paige, 블랙넛 (Black Nut), 한요한",20,0
1817,"Jimmy Paige, 기리보이, 블랙넛 (Black Nut), C JAMM, 그냥노창, 스윙스",20,0
1818,"Jimmy Paige, 기리보이, 블랙넛 (Black Nut), BILL STAX (빌스택스), 스윙스",20,0
1819,남우현,30,1
1820,방진의,43,1
1821,"스윙스, 그냥노창, 블랙넛 (Black Nut), 다민이 (DAMINI)",30,0
1822,seven oops,30,1
1823,"창모 (CHANGMO), Hash Swan, ASH ISLAND, 김효은, 릴러말즈 (Leellamarz), The Quiett",20,0
1824,Woodie Gochild,20,0
1825,Thirty Seconds To Mars,40,0
1826,마이키,43,0
1827,Skrillex,35,0
1828,써니힐,30,1
1829,피노키오,40,0
1830,메이트,30,0
1831,"이승훈, 백아연",30,0
1832,"BIGBANG (빅뱅), 트랜스픽션",30,0
1833,은지원,40,0
1834,The One (더원),40,0
1835,"셔누 (몬스타엑스), 민혁 (몬스타엑스)",31,1
1836,2LSON,30,0
1837,모드니 (Modny),30,1
1838,골든차일드,10,1
1839,Kamal.,10,0
1840,기현 (몬스타엑스),20,1
1841,김재중,37,1
1842,Ruth B,28,1
1843,디바,40,0
1844,오준성,50,0
1845,"정인, 개리",30,0
1846,msftz (미스피츠),25,1
1847,정유진,34,1
1848,MC Hammer,61,0
1849,"MJ (써니사이드), 김나영",20,1
1850,언터쳐블,30,0
1851,"소유 (SOYOU), 백현 (BAEKHYUN)",31,1
1852,애쉬그레이,39,0
1853,"포스트맨 (POSTMEN), 6 to 8",30,0
1854,SUPER JUNIOR-Happy (슈퍼주니어-Happy),30,1
1855,"BE'O (비오), 얼돼 (Errday Jinju), MALKEY (말키), San E (산이)",10,0
1856,"BE'O (비오), San E (산이), MALKEY (말키)",10,0
1857,미드나잇 램프,30,1
1858,Jessica (제시카),30,1
1859,노래하는 코트,35,0
1860,스컬,40,0
1861,Rad Museum,32,0
1862,Skinny Brown,28,0
1863,Sweetbox,30,1
1864,Jennifer Lopez,53,1
1865,블루베리,20,1
1866,J.Fla,40,1
1867,Kricc (크릭),40,0
1868,윤아 (YOONA),30,1
1869,"케이윌, 딘딘 (DINDIN)",40,0
1870,Walk The Moon,40,0
1871,ZARD,50,1
1872,Kuraki Mai,40,1
1873,나래,35,1
1874,The Script,30,0
1875,"LSD (Sia, Diplo and Labrinth)",44,0
1876,Alicia Keys,42,1
1877,FreeTEMPO,46,0
1878,David Bowie,50,0
1879,디오 (D.O.),30,1
1880,세훈&찬열,20,1
1881,YEGNY (최예근),20,1
1882,Musiq Soulchild,45,0
1883,NSW yoon,10,0
1884,저스디스 (JUSTHIS),32,0
1885,송창식,76,0
1886,"Christopher, 청하",30,1
1887,지연,30,1
1888,남녀공학,30,0
1889,"Sam Smith, Kim Petras",30,0
1890,유피,40,1
1891,루머스,40,0
1892,넥스트,40,0
1893,시크릿,30,0
1894,레트로봇,20,0
1895,Nat King Cole,50,0
1896,신효범,57,1
1897,더 자두,41,1
1898,Gallant,30,0
1899,PREP,30,0
1900,임선혜,47,1
1901,"Raiden, 찬열 (CHANYEOL)",30,1
1902,"pH-1, 지소울 (GSoul), BIG Naughty (서동현), 박재범",30,0
1903,"MC몽, 서인영",30,0
1904,"수퍼비 (SUPERBEE), UNEDUCATED KID, 트웰브 (twlv), Yuzion",29,0
1905,하모닉스,40,0
1906,신영숙,47,1
1907,"Tiesto, Sevenn",54,0
1908,UNEDUCATED KID,26,0
1909,팻두,40,0
1910,INSTMR,30,0
1911,"우지훈, 박세준",20,1
1912,"pH-1, BIG Naughty (서동현), TRADE L, Woodie Gochild, 박재범, 키드킹 (Kidd King)",20,0
1913,"신하균, BIG Naughty (서동현)",49,0
1914,"권진아, BIG Naughty (서동현)",26,1
1915,"M1NU, 래원 (Layone), Veinyfl, BIG Naughty (서동현)",19,0
1916,"Woodie Gochild, 최엘비 (CHOILB), BIG Naughty (서동현), 양홍원, Chillin Homie",28,0
1917,제국의아이들 (ZE:A),30,1
1918,"정진운, 진영 (GOT7), 김지수, 강소라",32,0
1919,Naj,30,0
1920,Faime,30,0
1921,제인팝,40,0
1922,"이수 (엠씨더맥스), 럼블피쉬",40,0
1923,푸른하늘,50,0
1924,장혜리,63,1
1925,강성,40,0
1926,Stellar,30,0
1927,Maggie Lindemann,24,1
1928,salem ilese,23,1
1929,자장가,-1,-1
1930,"The Quiett, 식케이 (Sik-K), 빈지노 (Beenzino), 창모 (CHANGMO)",20,0
1931,"키드밀리 (Kid Milli), Jvcki Wai",29,0
1932,허클베리피 (Huckleberry P),39,0
1933,박서진,50,1
1934,김기태,30,1
1935,박창근,50,0
1936,알라리깡숑,20,0
1937,노사연,66,1
1938,예수전도단 화요모임,-1,-1
1939,Awesome City Club,20,1
1940,정경화,50,0
1941,장윤정,50,0
1942,간종욱,41,0
1943,김준석,50,0
1944,이용,66,0
1945,"V, 진",20,1
1946,"Hugh Jackman, Keala Settle, Zac Efron, Zendaya, The Greatest Showman Ensemble",40,0
1947,Tori Kelly,30,1
1948,"Billie Eilish, Khalid",21,1
1949,불꽃심장 (양수혁),39,0
1950,서은광 (비투비),20,1
1951,"LMFAO, Steve Aoki",30,0
1952,James Arthur,35,0
1953,진미령,65,1
1954,My Chemical Romance,30,0
1955,Led Zeppelin,50,0
1956,호치키스 (HOTCHKISS),22,0
1957,"임재현, 문성욱",25,0
1958,No Rome,26,0
1959,우탄,34,0
1960,SAINT WKND,20,1
1961,Before You Exit,20,0
1962,"헤이즈 (Heize), 고영배",31,1
1963,"JUNIEL, 융 (Jung)",30,1
1964,산체스 (Sanchez),36,0
1965,Monsta,20,1
1966,M4,40,0
1967,신유,50,0
1968,"쀼 (육성재, 조이)",20,1
1969,다섯손가락,50,0
1970,여행스케치,40,0
1971,양수경,57,1
1972,이정봉,49,0
1973,"로이킴, 김이지",30,1
1974,김종욱,41,0
1975,메이비 (Maybee),43,1
1976,베스티,30,0
1977,"긱스 (Geeks), 소유 (SOYOU)",30,0
1978,태사자,40,1
1979,김민교,56,0
1980,이글 파이브,40,1
1981,배기성,40,0
1982,jeebanoff (지바노프),30,0
1983,차호석,40,0
1984,계은숙,61,1
1985,이찬혁,20,0
1986,Yuhki Kuramoto,71,0
1987,구원찬,29,0
1988,Sarah Kang,20,1
1989,김현창,25,0
1990,Meego,20,0
1991,off the menu (오프더메뉴),20,1
1992,루시드폴,48,0
1993,"양희은, 김창기",50,0
1994,"Machine Gun Kelly, Camila Cabello",33,0
1995,wave to earth,20,0
1996,W&Whale,40,0
1997,이지라이프,20,0
1998,Mew,20,1
1999,이세계아이돌,20,0
2000,"신용재 (2F), 이해리 (다비치)",30,0
2001,Black Eyed Peas,40,0
2002,황영웅,50,0
2003,"MC몽, 소유 (SOYOU)",30,0
2004,카이 (Kai),20,1
2005,시어 (SEER),20,1
2006,JOY,20,0
2007,조정현,58,0
2008,Dwayne Johnson,50,0
2009,Blxst,30,0
2010,Boyz II Men,40,0
2011,챈슬러,36,0
2012,"포맨 (4MEN), 미(MIIII)",30,0
2013,소울맨,42,0
2014,Pitbull,42,0
2015,"로꼬, 이성경",30,0
2016,"Olivia Rodrigo, Joshua Bassett",20,1
2017,PK 헤만,40,0
2018,김동희,20,1
2019,"양희은, 성시경",40,1
2020,달빛요정 역전만루홈런,40,0
2021,수호 (SUHO),20,1
2022,VIVIZ (비비지),20,1
2023,효연 (HYO),30,1
2024,Sasha Alex Sloan,28,1
2025,"Claire Rosinkranz, Jeremy Zucker",20,1
2026,Chelsea Collins,20,1
2027,이예린,30,1
2028,"Colin Firth, Pierce Brosnan, Stellan Skarsgard, Amanda Seyfried, Meryl Streep",62,0
2029,"폴킴, 적재",35,0
2030,동요 푸른꿈,10,0
2031,언프리티 랩스타 2,20,1
2032,"윤종신, 곽진언, 김필",30,0
2033,"Jonas Blue, HRVY",33,0
2034,SakaZan,40,0
2035,Jawsh 685,20,0
2036,Deamn,30,0
2037,Blake Shelton,47,0
2038,"세라핀 (Seraphine), League of Legends, Jasmine Clarke, Absofacto",20,0
2039,"Jason Thurell, Kryga",30,0
2040,Fujii Kaze,26,0
2041,"윤미래, 비비 (BIBI)",42,1
2042,장성규,40,0
2043,루나 (LUNA),20,1
2044,The Animals,40,0
2045,Lily Allen,38,1
2046,Birdy,27,1
2047,Anzenchitai,40,0
2048,SEKAI NO OWARI,30,1
2049,"방준석, 임미란",54,0
2050,Martin Garrix,27,0
2051,Vangelis,60,0
2052,데프콘,47,0
2053,길,45,0
2054,"일 락, 채린",45,0
2055,TEEKS,29,0
2056,"Kendrick Lamar, The Weeknd",36,0
2057,GEMINI (제미나이),29,0
2058,"머쉬베놈 (MUSHVENOM), 저스디스 (JUSTHIS)",29,0
2059,"Cardi B, Bruno Mars",30,1
2060,Michael Buble,47,0
2061,Cissy Houston,89,1
2062,"Kungs, Cookin' On 3 Burners",26,0
2063,량현량하,30,0
2064,"오대천왕 (정형돈, 밴드 혁오)",30,0
2065,이장원,41,0
2066,하리,30,1
2067,김기혁,37,0
2068,이정현,40,1
2069,이한철,50,0
2070,"넉살, 조우찬",30,0
2071,"수호 (SUHO), 송영주",20,1
2072,"정기고, 찬열 (CHANYEOL)",30,0
2073,"첸 (CHEN), 헤이즈 (Heize), 바이브",20,1
2074,신지민,32,1
2075,EXO-M,20,1
2076,Andrew Bird,50,0
2077,Hoobastank,40,0
2078,거머리 (박명수 & 프라이머리),30,0
2079,포지션,40,0
2080,NCT 2020,20,1
2081,배진영 (CIX),20,1
2082,문별 (마마무),30,1
2083,솔라 (마마무),32,1
2084,James Smith,30,0
2085,Benson Boone,21,0
2086,The Fray,30,0
2087,KIDDO,27,1
2088,eldon,20,1
2089,Marteen,22,0
2090,"인크레더블, Tablo, 지누션",20,0
2091,"The Quiett, Dok2, 빈지노 (Beenzino)",20,1
2092,"가인, 조권",30,0
2093,예민,40,0
2094,B.A.P,30,1
2095,편승엽,58,0
2096,Gen Hoshino (호시노 겐/星野 源),40,0
2097,The Birthday,50,0
2098,AC/DC,50,0
2099,DISH//,25,0
2100,Hugh Grant,62,0
2101,MIKA,39,0
2102,"성시경, 권진아",30,0
2103,Zior Park,28,0
2104,"Chin, 수퍼비 (SUPERBEE), CK, UNEDUCATED KID",23,0
2105,"스윙스, 한요한",31,0
2106,이채연,20,1
2107,Chris Brown X Tyga,30,0
2108,Dean Lewis,35,0
2109,"DK(디셈버), 지아",36,0
2110,"Kanye West, Lil Pump",46,0
2111,"Jvcki Wai, 쿠기 (Coogie), 팔로알토 (Paloalto), The Quiett, 뱃사공",27,1
2112,Paul Blanco,25,0
2113,이동은 (라이어밴드),50,0
2114,DaBaby,31,0
2115,트웰브 (twlv),28,0
2116,"수퍼비 (SUPERBEE), UNEDUCATED KID, 트웰브 (twlv)",29,0
2117,"수퍼비 (SUPERBEE), UNEDUCATED KID",29,0
2118,"수퍼비 (SUPERBEE), 창모 (CHANGMO)",29,0
2119,"수퍼비 (SUPERBEE), 트웰브 (twlv)",29,0
2120,myunDo,28,0
2121,"Kristen Bell, Santino Fontana",43,1
2122,이소정,29,1
2123,"MINO (송민호), 지코 (ZICO), 팔로알토 (Paloalto)",10,0
2124,"태완 (Taewan), 개리, Crush",20,0
2125,Rachael Yamagata,30,1
2126,Ellie Goulding,36,1
2127,Against The Current,30,1
2128,"태연 (TAEYEON), 멜로망스",30,1
2129,Simple Plan,40,0
2130,"행주, 양홍원, Hash Swan, 킬라그램 (KILLAGRAMZ)",26,0
2131,손승연,29,1
2132,gavy nj project group [H7美人(미인)],30,1
2133,"Rohann (이로한), ASH ISLAND",23,0
2134,전영호,30,0
2135,타이푼,30,1
2136,노브레인 (NoBrain),30,0
2137,Otsuka Ai,40,1
2138,The Union Underground,30,0
2139,이원석,30,0
2140,김현아,50,1
2141,Sarah Vaughan,50,1
2142,"조광일, 개코, 저스디스 (JUSTHIS)",26,0
2143,자자,40,1
2144,"프라이머리, 오혁",30,0
2145,"박효신, 황 프로젝트",30,1
2146,The Star-Lord's,30,0
2147,조유진 (체리필터),46,1
2148,김종서,40,0
2149,오마이걸 반하나,20,0
2150,레드벨벳-아이린&슬기,20,0
2151,"치스비치 (치즈, 스텔라장, 러비, 박문치)",30,1
2152,Futuristic Swaver,28,0
2153,BOYCOLD,29,0
2154,ELO,32,0
2155,"나플라 (nafla), pH-1, 키드밀리 (Kid Milli), OLNL (오르내림), 루피 (Loopy), 수퍼비 (SUPERBEE)",31,0
2156,Overdose,20,1
2157,"XIA (준수), 임창정",30,0
2158,JJ Project,20,1
2159,구구단 (gugudan),30,0
2160,"김준수, 진태화",30,0
2161,"(여자)아이들, Wolftyla, Bea Miller, K/DA, League of Legends",20,0
2162,"이루마, 신용재 (2F), 미(MIIII), 빅톤",30,0
2163,ayokay,40,0
2164,"Sandro Cavazza, Georgia Ku",30,0
2165,24KGoldn,22,0
2166,Cloudybay (클라우디베이),20,1
2167,"릴러말즈 (Leellamarz), Panda Gomm",28,0
2168,"Skinny Brown, TOIL",10,0
2169,"Quinn XCII, Chelsea Cutler",31,0
2170,"Zedd, Jasmine Thompson",33,0
2171,"Kygo, Whitney Houston",30,0
2172,"지코, 강다니엘",20,1
2173,"Kygo, Sasha Alex Sloan",30,0
2174,Embody,30,0
2175,"Phoebe Ryan, Quinn XCII",32,1
2176,슈퍼키드,40,0
2177,조빈,40,0
2178,m-flo,40,0
2179,"김범수, 심현보",30,0
2180,"조pd (ZoPD), 브라운아이드걸스",30,1
2181,러비 (LOVEY),30,1
2182,REDDY,30,0
2183,Kalpee,20,0
2184,"Halsey, SUGA (BTS)",28,1
2185,"씨야, 다비치, 티아라",30,1
2186,Sawano Hiroyuki,42,0
2187,Corrinne May,50,1
2188,남구민,47,0
2189,이병우,59,0
2190,일급비밀 (TST),30,0
2191,The Pretty Reckless,20,1
2192,Mena Massoud,31,0
2193,"Jvcki Wai, 키드밀리 (Kid Milli), NO:EL, 양홍원, 스윙스",27,1
2194,Rick Astley,57,0
2195,Kings Of Convenience,30,0
2196,위키미키 (Weki Meki),20,1
2197,한수영,20,1
2198,정준하,40,0
2199,Dbo (디보),30,0
2200,Joey Bada$$,28,0
2201,Big Shaq,31,0
2202,VMC,30,0
2203,MILLIC (밀릭),30,0
2204,헨리 (HENRY),33,0
2205,"기리보이, 서출구, 양홍원",30,0
2206,"Jason Derulo, Nicki Minaj, Ty Dolla $ign",33,0
2207,about his chronicle,-1,-1
2208,랜디,60,0
2209,피스트범프,30,0
2210,롤링쿼츠 (Rolling Quartz),20,1
2211,진해성,50,0
2212,BGH4,30,1
2213,Sam Ock,32,0
2214,Sofia Mills,30,1
2215,Fiji Blue,40,0
2216,YunB,31,0
2217,"C JAMM, 양홍원",24,0
2218,Changstarr*(챙스타),31,0
2219,"C JAMM, Yescoba",30,0
2220,스컬X씨잼 (C Jamm),30,0
2221,45RPM,20,0
2222,"imase, BIG Naughty (서동현)",22,0
2223,Sunset City,30,0
2224,bbno$,28,0
2225,Olly Murs,39,0
2226,"Cardi B, Bad Bunny, J. Balvin",30,1
2227,Yung Bae,29,0
2228,란 (RAN),30,1
2229,"Zedd, Kehlani",33,0
2230,Basic Tape,30,0
2231,YOASOBI,20,1
2232,"Ed Sheeran, 제시 (Jessi), 선미",32,0
2233,Ryo (Supercell),30,0
2234,add_P,30,0
2235,"염따, TOIL, KOONTA (쿤타), 베이식 (Basick), 365LIT, 황지상 (HWANG JI SANG), 송민영",20,0
2236,"Skylar Grey, Polo G, Mozzy, Eminem",37,1
2237,PRISTIN V,30,0
2238,Shakira,46,1
2239,"위 올 하이(요아리, 하진)",30,1
2240,"강지영, 보라, 한선화, 허가윤 (4minute), 리지 (오렌지 캬라멜)",30,0
2241,Chordettes,40,1
2242,카이 (KAI),20,1
2243,A-Teens,30,0
2244,"남우현, 심규선 (Lucia)",30,1
2245,장희원,29,1
2246,정일영,40,0
2247,"공기남, 고닥",30,0
2248,"10CM, 첸 (CHEN)",30,1
2249,"김범수, 박효신",30,0
2250,"이지혜, 뮤지컬 팬텀 2016 앙상블",40,1
2251,로맨틱브리즈,20,0
2252,"Humbert, 구원찬",25,0
2253,홍이삭,36,0
2254,Demi Lovato,30,1
2255,김경희,40,1
2256,Joe Hisaishi,40,0
2257,이지혜,43,1
2258,CamRus,30,0
2259,"24KGoldn, Justin Bieber, J. Balvin, iann dior",22,0
2260,"Maroon 5, Megan Thee Stallion",30,0
2261,실루엣,30,0
2262,Fetty Wap,32,0
2263,Roy Woods,20,1
2264,Mudd the student,23,0
2265,"양다일, 웬디 (WENDY)",31,0
2266,예리 (YERI),30,0
2267,"(여자)아이들, R3hab",20,0
2268,Cardi B,30,1
2269,림킴 (김예림),29,1
2270,김별,36,1
2271,"저스디스 (JUSTHIS), 양홍원, 스윙스",32,0
2272,"이승기, 김연아",30,1
2273,Audien,31,0
2274,S.Papa,50,0
2275,Khruangbin,30,0
2276,정일훈,28,0
2277,원티드,40,0
2278,Che'Nelle,40,1
2279,트러블메이커,30,1
2280,"써니힐, 데이브레이크 (DAYBREAK)",30,1
2281,Apink 초봄 (에이핑크 초봄),30,1
2282,"니엘 (틴탑), 김남주 (에이핑크), 도현",30,1
2283,김남주 (에이핑크),28,1
2284,오하영 (에이핑크),28,0
2285,"벤, 정은지, 지효 (TWICE)",31,1
2286,김정현,33,0
2287,"MINO (송민호), P.O (피오), 규현 (KYUHYUN)",20,0
2288,104 (백사),20,1
2289,라 블랑캣 (La Blancat),29,0
2290,Justin Hurwitz,38,0
2291,"윤지온, 남영주",33,0
2292,베리굿 (BerryGood),20,0
2293,"포스트맨 (POSTMEN), 바닐라 어쿠스틱",30,0
2294,"ASH ISLAND, 그루비룸 (GroovyRoom)",23,0
2295,지소울 (GSoul),35,0
2296,Luther Vandross,50,0
2297,Twenty One Pilots,20,0
2298,"유영진, 디오 (D.O.)",52,0
2299,정효빈,23,1
2300,보겸,35,0
2301,ONE,29,0
2302,혜이니 (HEYNE),31,1
2303,Matt Terry,30,0
2304,Valley,30,0
2305,Stephanie Poetri,23,1
2306,클론,40,0
2307,"규현 (KYUHYUN), 정은지",30,0
2308,다나카(TANAKA),20,0
2309,"Lil Nas X, Jack Harlow",24,0
2310,"저스디스 (JUSTHIS), R.Tee",32,0
2311,"마미손, 둘째이모 김다비",30,0
2312,"성시경, 에일리(Ailee)",30,1
2313,"성시경, 박효신, 서인국, 브라이언, 리사, 박학기, 김형중, 견우 (Kyunwoo)",30,0
2314,"성시경, 박효신, 서인국, VIXX (빅스), 여동생",44,0
2315,밤에,-1,-1
2316,"키드밀리 (Kid Milli), dress",29,0
2317,"sokodomo, Untell (언텔)",22,0
2318,Lil Uzi Vert,27,0
2319,리오 (RIO),23,1
2320,최백호,73,0
2321,Shy Carter,38,0
2322,"The Vamps, Matoma",32,0
2323,The Vamps,20,0
2324,Gabe Bondoc,40,0
2325,Will Jay,27,0
2326,Big Time Rush,30,0
2327,Luke Christopher,30,0
2328,"ASH ISLAND, 릴러말즈 (Leellamarz), ZENE THE ZILLA, The Quiett",23,0
2329,Albert Posis,20,0
2330,slchld,10,0
2331,Dhruv,22,0
2332,Young Cocoa,20,0
2333,JUNNY (주니),27,0
2334,박현진,18,0
2335,"스윙스, 키드밀리 (Kid Milli), 매드클라운",30,0
2336,"YUNG CHENS (강서빈), TRADE L, Baggie (배기), D.Ark (디아크)",18,0
2337,"허성현 (Huh), dsel (디젤), 가오가이 (kaogaii), Untell (언텔)",24,0
2338,Michael Bolton,70,0
2339,이현도,50,0
2340,HI SUHYUN,30,1
2341,병살 (정준하 & 김C),35,0
2342,Ryu (류),49,0
2343,컨츄리 꼬꼬,40,0
2344,G. 고릴라,50,1
2345,DPR CREAM,20,0
2346,M83,40,0
2347,TETE,43,0
2348,Citizens!,40,0
2349,"소야 (SOYA), KK",33,1
2350,나몰라패밀리 (Namolla Family),40,0
2351,Britney Spears,41,1
2352,Tenmon,51,0
2353,윤도 (YoonDo),50,0
2354,꽈뚜룹 (QDR),30,0
2355,하비(최성용),24,0
2356,"에릭남 (Eric Nam), 웬디 (WENDY)",30,1
2357,리사 (LISA),26,0
2358,원호 (WONHO),30,1
2359,Yui,36,1
2360,김효은,29,0
2361,"유권 (블락비), 로시 (Rothy)",31,0
2362,문빛,29,1
2363,Kenny Loggins,75,0
2364,"Kristen Bell, Idina Menzel, Josh Gad, Jonathan Groff, Cast of Frozen 2",43,1
2365,Elle Varner,34,1
2366,"주시크 (Joosiq), 오반",29,0
2367,Way Ched (웨이체드),26,0
2368,RAYE,25,1
2369,"BehindtheMoon, 루디밀러 (Ruddie Miller)",25,1
2370,크래커 (CRACKER),20,1
2371,"공기남, 한올",30,0
2372,로코베리,37,1
2373,Stephanie Dan,30,1
2374,Ledisi,51,1
2375,김아름,33,1
2376,Nathaniel,44,0
2377,Hoody (후디),33,1
2378,틴탑,30,1
2379,P.O (피오),30,0
2380,하은요셉,29,0
2381,술제이 (Sool J),39,0
2382,심수봉,68,1
2383,"K-391, Alan Walker, Julie Bergan",28,0
2384,이한울,23,0
2385,Fool's Garden,40,0
2386,던말릭 (DON MALIK),27,0
2387,EK,30,0
2388,장한별,33,0
2389,김성규,37,0
2390,"다이나믹 듀오, 박정현",44,0
2391,"노리플라이 (no reply), 타루",41,1
2392,강다니엘,26,1
2393,Giveon,28,0
2394,Clay And Friends,40,0
2395,Fleeky Bang,20,0
2396,Amine,29,0
2397,"Neiked, Mae Muller, Polo G",30,1
2398,"청하, R3hab",27,0
2399,"마크툽 (MAKTUB), 이라온",30,0
2400,"Lady Gaga, Ariana Grande",37,1
2401,"Sigala, Ella Eyre, Meghan Trainor",30,0
2402,빈센트블루,29,0
2403,Kae Sun,40,0
2404,"Dionne Warwick, Elton John, Gladys Knight, Stevie Wonder",82,1
2405,마마돌 (M.M.D),25,0
2406,Agust D,30,0
2407,퍼플키스 (PURPLE KISS),20,0
2408,"펀치 (Punch), 매드클라운",30,1
2409,류수정,25,1
2410,윤지성,32,0
2411,"ZAYN, Zhavia",30,0
2412,Alan Menken,73,0
2413,"존박, 박정현",34,0
2414,문차일드,43,0
2415,Finn Askew,22,0
2416,윤지영,26,1
2417,"알리 (ALi), 폴킴",38,1
2418,숙희,40,1
2419,"먼데이 키즈 (Monday Kiz), 김나영",41,0
2420,언니네 이발관,51,0
2421,Anne Hathaway,40,1
2422,이영훈,60,0
2423,Jax,27,1
2424,Samm Henshaw,29,0
2425,"프라이머리, 마일드 비츠",40,0
2426,KYLE,30,0
2427,"린, 신용재 (2F)",41,1
2428,"챈슬러, 박재범, 이하이, 비비 (BIBI), JAMIE (제이미), 문수진 (Moon Sujin), 범키, 서사무엘 (Samuel Seo), SURAN (수란), 베이빌론 (Babylon), Hoody (후디), SUMIN (수민), 마샬 (MRSHLL), Ann One, ELO, 트웰브 (twlv), oceanfromtheblue, 지셀 (Jiselle), SOLE (쏠), THAMA, Kvsh (캐시), JINBO, 저드 (jerd), SOOVI, B.E.D. (베드), Xydo (시도), 오웰무드 (Owell Mood), NONE",36,0
2429,유빈,34,1
2430,"Dua Lipa, BLACKPINK",27,1
2431,"소유 (SOYOU), 권정열",31,1
2432,Atomic Kitten,40,1
2433,The Soundtrackings,30,0
2434,7 go up,20,1
2435,Chris Medina,40,0
2436,Adam Lambert,41,0
2437,NASON (나선),19,0
2438,"SHAED, ZAYN",40,0
2439,데이브레이크 (DAYBREAK),48,0
2440,Janji,30,0
2441,서인영,38,1
2442,"Lil Peep, XXXTENTACION",27,0
2443,88rising,30,1
2444,"21 Savage, Offset, Metro Boomin",30,0
2445,경다솜,29,1
2446,진주,43,1
2447,조규찬,52,0
2448,소피야 (Sophiya),38,1
2449,Cyrus,30,1
2450,Pixie Lott,32,1
2451,조우찬,18,0
2452,"자이로 (zai.ro), 이시영, 조한결",31,0
2453,"Andrew Lloyd Webber, ""The Phantom Of The Opera"" Original London Cast, Michael Crawford, Sarah Brightman",75,0
2454,"윤종신, 포르테 디 콰트로",53,0
2455,SummerWish,20,1
2456,둘째이모 김다비,39,1
2457,M?neskin,24,0
2458,지나,35,1
2459,이소은,41,1
2460,썸데이,30,0
2461,서연,37,1
2462,Masayoshi Yamazaki,51,0
2463,dosii (도시),28,1
2464,KozyPop,30,0
2465,사이로(415),27,0
2466,퀸 와사비 (Queen WA$ABII),28,1
2467,Bella Poarch,26,1
2468,Jiwoo,25,0
2469,"The Quiett, 릴러말즈 (Leellamarz)",38,0
2470,"Yelloasis, JUNNY (주니)",27,0
2471,"도영 (DOYOUNG), 김세정",27,0
2472,Liam Payne,29,0
2473,Cheat Codes,30,0
2474,JVKE,22,0
2475,"Stacey Ryan, Ziva Magnolya",30,1
2476,인디고,38,0
2477,Pentatonix,31,1
2478,Paul,35,0
2479,스피카,36,1
2480,Tiffany Young,33,1
2481,SMTOWN,30,1
2482,달샤벳,31,1
2483,"salem ilese, 투모로우바이투게더, Alan Walker",23,1
2484,JK 김동욱,47,0
2485,Chris De Burgh,74,0
2486,조대호,50,0
2487,"제시 (Jessi), 치타 (CHEETAH), 강남",34,1
2488,LEON (딥상어),23,1
2489,"Sam Smith, Normani",31,0
2490,투엑스,34,1
2491,레오(LEO),32,0
2492,"KUSH, Zion.T",38,0
2493,수안,20,1
2494,"Alan Walker, Sophia Somajo",25,0
2495,홍수철,66,0
2496,Kubota Toshinobu,60,0
2497,EVERGLOW (에버글로우),24,1
2498,송하영 (프로미스나인),25,1
2499,Passenger,39,0
2500,김그림,36,1
2501,Boney M,50,1
2502,김장훈,59,0
2503,놀이터,50,1
2504,류런위,21,1
2505,"John Denver, Placido Domingo",80,0
2506,Ludwig Van Beethoven,40,0
2507,박지훈,24,0
2508,"오렌지 캬라멜, 뉴이스트",30,1
2509,레이나 (Raina),34,1
2510,Anyband,35,1
2511,디아크,19,0
2512,"BIGBANG (빅뱅), 2NE1",36,0
2513,김아중,40,1
2514,Felix Jaehn,28,0
2515,"Kanye West, Desiigner, Big Sean, Travis Scott, 2 Chainz, Gucci Mane, Quavo, Yo Gotti",46,0
2516,"Stevie Wonder, Andra Day",73,0
2517,레터 플로우,33,0
2518,"스웨덴세탁소, 레터 플로우",25,1
2519,투니버스,30,0
2520,브라운,60,0
2521,"선우정아, 바버렛츠 (The Barberettes)",38,1
2522,"치타 (CHEETAH), 에일리(Ailee)",33,1
2523,원써겐,40,0
2524,"범키, 버벌진트",38,0
2525,Ignite,25,0
2526,Dawin,32,0
2527,Logic,33,0
2528,피노다인(Pinodyne),30,0
2529,"Mac Ayres, Jordan Robertson",26,0
2530,Harvard,40,0
2531,송중기,37,0
2532,박보영,33,1
2533,"Jessica (제시카), 김진표",34,1
2534,"Wiz Khalifa, Charlie Puth",35,0
2535,키썸 (Kisum),29,1
2536,리오 케이코아,43,0
2537,펜토,38,0
2538,줍에이 (Joob A),26,0
2539,롤러 코스터,40,1
2540,찬희 (SF9),23,0
2541,"SZA, Justin Timberlake",33,1
2542,Amber Liu (엠버),30,1
2543,"015B, 심규선 (Lucia)",55,0
2544,Bahari,30,1
2545,Kiiara,28,1
2546,Bakar,29,0
2547,혜령,42,1
2548,Nouvelle Vague,40,0
2549,Far East Movement,43,0
2550,주영 (Jooyoung),32,0
2551,PRODUCE 48,19,1
2552,Summer Walker,27,1
2553,Brandon Beal,39,0
2554,6ix9ine,27,0
2555,"Lil Uzi Vert, Quavo, Travis Scott",27,0
2556,"Jane Edwards, Choir, Geoffrey Lancaster, Gerald Keuneman, Orchestra Of St. Luke's, Ricky Edwards",60,1
2557,"Midnight Kids, Annika Wells",20,0
2558,"Post Malone, The Weeknd",28,0
2559,"SINCE, Tabber",30,1
2560,"Ellie Goulding, Lauv",36,1
2561,Movie Sounds Unlimited,37,0
2562,"Doja Cat, The Weeknd",27,1
2563,Miley Cyrus,30,1
2564,"Calvin Harris, The Weeknd",39,0
2565,전지윤 (JENYER),32,1
2566,Chet Baker,50,0
2567,John Splithoff,34,0
2568,Lil Cherry,27,1
2569,Lana Del Rey,38,1
2570,ONE OK ROCK,35,0
2571,"2BIC(투빅), 다비치",37,0
2572,Mild High Club,40,0
2573,"은하 (EUNHA), 라비 (RAVI)",26,1
2574,"죠지, 쿠기 (Coogie)",29,0
2575,Betty Who,32,1
2576,Ecobridge,44,0
2577,김고은,32,1
2578,"Bebe Rexha, ITZY (있지)",20,1
2579,Daylight,41,1
2580,lobonabeat!,20,0
2581,"킹기훈, 문찬2, 빡성민",30,0
2582,랄랄,30,1
2583,"Keith Ape, Ski Mask The Slump God",29,0
2584,Suzanne Vega,64,1
2585,406호 프로젝트,30,1
2586,SOUND PALETTE,25,0
2587,Arena Themes,40,0
2588,"브라더수, SE O (세오)",32,0
2589,Carlie Hanson,23,1
2590,Alessia Cara,27,1
2591,Hearts & Colors,40,0
2592,"나플라 (nafla), OLNL (오르내림), 오디(ODEE)",31,0
2593,"Dok2, The Quiett, 김효은, Hash Swan, 창모 (CHANGMO)",33,0
2594,Regina Spektor,43,1
2595,"박효신, 비, 린, 천명훈, 노유민, 김태우, 이기찬, 이혜선",41,0
2596,진영,31,0
2597,Jamie Miller,25,0
2598,케빈오,32,0
2599,심현정,52,1
2600,이지수,29,0
2601,Jia Peng Fang,65,0
2602,"Celine Dion, James Horner",55,1
2603,이진혁,27,0
2604,"Lil Nas X, RM",24,0
2605,위키드 블루팀,30,1
2606,전소영,33,1
2607,"박화요비, 박효신",41,1
2608,"권인하, 박효신",63,0
2609,"edbl, Isaac Waddington",40,0
2610,렉시,46,1
2611,Suede,55,0
2612,위아더나잇 (We Are The Night),-1,-1
2613,KHAN,29,1
2614,현욱,28,0
2615,"요조, 김진표",42,1
2616,"박정현, 김연아, 정재일",49,1
2617,Osshun Gum,24,0
2618,"Olivia Foa'i, Opetaia Foa'i, Talaga Steve Sale",40,1
2619,"Opetaia Foa'i, Lin-Manuel Miranda",67,0
2620,"Auli'i Cravalho, Christopher Jackson, Louise Bush, Nicole Scherzinger, Rachel House",22,1
2621,Jordan Fisher,29,0
2622,순순희,31,0
2623,"박지윤, 윤승욱",41,1
2624,Richard Clayderman,69,0
2625,Mamas Gun,40,1
2626,기억 조작단,10,1
2627,양희은,60,1
2628,"다이나믹 듀오, 첸 (CHEN)",42,0
2629,"정승환, 박윤하",26,0
2630,"A Great Big World, Christina Aguilera",42,1
2631,서준,32,0
2632,JBJ,35,0
2633,Home Free,34,0
2634,어린이 역사노래회,10,0
2635,서다람,20,1
2636,Portable Groove 09,56,0
2637,"효린, 키썸 (Kisum)",35,1
2638,Neiked,30,1
2639,"버벌진트, 한해",33,0
2640,노래를 찾는 사람들,50,1
2641,씨스타19,32,1
2642,JINU (김진우),31,0
2643,Kesha,36,1
2644,승관 (SEVENTEEN),25,0
2645,류준열,36,0
2646,MAN1AC,42,0
2647,Nathan Evans,28,0
2648,"효정 (오마이걸), 아린 (오마이걸), 장원영 (IVE), 이서 (IVE), 세림 (CRAVITY), 정모 (CRAVITY)",28,1
2649,NCT 도재정,19,0
2650,Dahl,80,0
2651,TREASURE (트레저),18,0
2652,조성진,29,0
2653,Yoshiki,57,1
2654,Higuchi Ai,33,1
2655,"Meiko Honma (CV:Ai Kayano), Naruko Anjyo (CV:Haruka Tomatsu), Chiriko Tsurumi (CV:Saori Hayami)",10,1
2656,"Audien, MAX",31,0
2657,"salem ilese, 투모로우바이투게더",23,1
2658,"benny blanco, 방탄소년단, Snoop Dogg",35,0
2659,블라세 (BLAS?),28,0
2660,"Junoflo (주노플로), 지투 (G2)",30,0
2661,G-Eazy,34,0
2662,실키보이즈 (SILKYBOIS),34,0
2663,"Machine Gun Kelly, blackbear",33,0
2664,"2 Chainz, Wiz Khalifa",45,0
2665,"Gael Garcia Bernal, Gabriella Flores, Libertad Garcia Fonzi",44,0
2666,"지민, 하성운",29,0
2667,KARDI (카디),26,1
2668,"적재, 권진아",34,0
2669,"김민규 (Young Kay), Gist",27,0
2670,지금 (JIGM),28,1
2671,Vedo,30,0
2672,Healy,49,0
2673,"우원재, meenoi (미노이)",26,0
2674,"보이비, 개코, 최자, 지구인, GRAY (그레이), Crush, 원슈타인, 마미손, Zior Park, 샘김 (Sam Kim)",36,0
2675,"아이유, 강승원",30,1
2676,구이임,30,0
2677,Eddie Higgins Trio,77,0
2678,Jworship,45,0
2679,김준수,36,0
2680,MØ,34,0
2681,차가운 체리,37,0
2682,Guns N' Roses,61,0
2683,일렉트로보이즈,37,0
2684,래원 (Layone),21,0
2685,새벽한시,35,0
2686,원어스 (ONEUS),19,0
2687,Zara Larsson,25,1
2688,Saweetie,30,1
2689,김민규 (Young Kay),22,0
2690,도영 (DOYOUNG),27,0
2691,"Gabrielle Aplin, JP Cooper",39,0
2692,Olivia O'Brien,23,1
2693,WayV,19,0
2694,Nate Ruess,41,0
2695,Jonathan Groff,38,0
2696,Wanna One (워너원) - 남바완,27,0
2697,"BIGBANG (빅뱅), 태양, T.O.P",35,0
2698,"그루비룸 (GroovyRoom), 릴러말즈 (Leellamarz)",28,0
2699,런치,25,1
2700,Gallant x Tablo x Eric Nam,34,0
2701,Dayday (데이데이),28,0
2702,Mac Ayres,26,0
2703,"R.Tee, Anda",33,0
2704,"강승윤, MINO (송민호)",29,0
2705,Cold Bay (콜드베이),30,0
2706,"NO:EL, 키드밀리 (Kid Milli), Jvcki Wai, 양홍원",23,0
2707,"기리보이, 매드클라운, 주영 (Jooyoung), 몬스타엑스",32,0
2708,"케이윌, 소유 (SOYOU), 보이프렌드, 몬스타엑스, 우주소녀, 매드클라운, 정기고, #Gun, 유승우, 브라더수, 마인드유, 듀에토, 정세운, 이광현",41,0
2709,Rejjie Snow,30,0
2710,"Kygo, Ellie Goulding",31,0
2711,이든 (EDEN),35,0
2712,dvsn,38,0
2713,和ぬか,23,1
2714,"Tiara Andini, Arsy Widianto",21,1
2715,익스,40,1
2716,tripleS (트리플에스),18,1
2717,Machine Gun Kelly,33,0
2718,Tom Grennan,28,0
2719,다린,26,1
2720,애프터스쿨 RED,35,1
2721,더 씨야,31,1
2722,Panic! At The Disco,36,0
2723,임준걸 (JJ Lin),42,0
2724,다크비 (DKB),26,0
2725,almost monday,23,0
2726,"스윙스, 맥대디 (Mckdaddy), Khakii (카키), 래원 (Layone)",36,0
2727,Rohann (이로한),23,0
2728,BehindtheMoon,30,1
2729,유세윤,42,0
2730,지투 (G2),31,0
2731,민서 (MINSEO),27,1
2732,BØRNS,31,0
2733,PEEJAY,43,0
2734,박혜나,41,1
2735,ILLSON,41,0
2736,Wanna One (워너원) - 린온미,26,0
2737,George Michael,60,0
2738,신인류,27,1
2739,Grace Mitchell,25,1
2740,신신애,64,1
2741,Marshmello,30,0
2742,"Kendrick Lamar, SZA",30,0
2743,"Travis Scott, Young Thug",30,0
2744,Billie Marten,21,1
